:020000040800F2
:10000000F0140024E102000809820008797D00084C
:10001000018200085105000841B6000800000000F8
:1000200000000000000000000000000079840008CB
:1000300041070008000000002182000881840008B8
:10004000FB020008FB020008FB020008FB0200089C
:10005000FB020008FB020008FB020008FB0200088C
:10006000FB020008FB020008FB020008F90500087B
:1000700009060008FB020008FB020008FB0200085A
:10008000FB020008FB020008FB02000859070008F9
:10009000FB02000869070008FB020008FB020008D9
:1000A000FB020008FB020008FB020008FB0200083C
:1000B000FB02000809860008FB020008FB0200089A
:1000C000FB020008FB020008FB020008FB0200081C
:1000D000FB020008FB020008FB020008FB0200080C
:1000E000FB020008FB02000800000000FB02000801
:1000F000FB020008FB020008FB020008FB020008EC
:10010000FB020008FB020008FB020008FB020008DB
:10011000FB020008FB020008FB020008FB020008CB
:10012000FB020008FB020008FB020008FB020008BB
:10013000FB020008FB020008FB020008FB020008AB
:1001400000000000000000000000000000000000AF
:10015000FB020008FB020008FB020008FB0200088B
:10016000FB020008FB020008FB020008FB0200087B
:10017000FB02000811820008FB02000800000000DA
:10018000FB020008FB02000891870008FB02000840
:10019000FB020008FB020008FB020008FB0200084B
:1001A000FB020008FB020008FB0200080000000040
:1001B000FB020008FB020008FB020008FB0200082B
:1001C000FB020008FB020008000000000000000025
:1001D0000000000000000000FB020008000000001A
:1001E000000000000000000000000000000000000F
:1001F0000000000000000000FB020008FB020008F5
:10020000FB020008FB02000800000000FB020008DF
:10021000FB020008FB020008FB020008FB020008CA
:10022000FB02000800000000FB02000800000000C4
:10023000FB020008FB02000800000000FB020008AF
:10024000FB020008FB020008FB020008FB0200089A
:10025000FB020008FB020008FB020008FB0200088A
:10026000FB020008FB020008FB020008FB0200087A
:10027000FB020008FB020008FB020008000000006F
:10028000FB020008FB020008FB020008FB0200085A
:1002900000000000FB020008FB0200080000000054
:1002A00000000000FB020008FB020008FB0200083F
:1002B000FB020008FB020008FB020008FB0200082A
:1002C000FB020008FB020008FB020008DFF80CD06C
:1002D00000F07AF800480047A9B90008F01400249B
:1002E0000648804706480047FEE7FEE7FEE7FEE7D0
:1002F000FEE7FEE7FEE7FEE7FEE7FEE759850008BA
:10030000CD0200082DE9F05F0546002092469B468D
:1003100088460646814640241BE02846414647461B
:10032000224600F041F853465A46C01A914110D374
:1003300011461846224600F028F82D1A67EB0108EE
:100340004F4622460120002100F01FF817EB00095C
:100350004E41201EA4F10104DFDC484631462A4606
:100360004346BDE8F09FD2B201E000F8012B491EE0
:10037000FBD270470022F6E710B513460A46044642
:100380001946FFF7F0FF204610BD202A04DB203A73
:1003900000FA02F1002070479140C2F1200320FAD8
:1003A00003F3194390407047202A04DB203A21FAD6
:1003B00002F00021704721FA02F3D040C2F120027E
:1003C00091400843194670471CB5094800900948F8
:1003D00001900546009C06E0E06840F0010394E8C7
:1003E000070098471034AC42F6D3FFF773FF0000C4
:1003F0002CC100086CC1000870B58C1810F8015BA6
:1004000015F0070301D110F8013B2A1106D110F8AD
:10041000012B03E010F8016B01F8016B5B1EF9D1B1
:100420002B0705D40023521E0DD401F8013BFAE737
:1004300010F8013BCB1A921C03E013F8015B01F8A2
:10044000015B521EF9D5A142D8D3002070BD000037
:1004500010B50446006842F2001140F48070C4F206
:100460000201884218D142F20830C4F2020000684A
:1004700010F4403F18D005F09FFF6168B1F5803F50
:1004800005D0B1F5403F2BD0B1F5003F29D1090C83
:10049000B0FBF1F025E000BF46F20830C5F60200DF
:1004A000006810F4403FE6D14FF40020002104F032
:1004B0002BFF6168A1F580224FEAB2420A2A10D8C8
:1004C000DFE802F0060606060606403E443C42000F
:1004D0006FF0010202EA5141B0FBF1F001E000BF10
:1004E00080084BF62141C0F2BE01884206D8206840
:1004F000816821F44071816010BD00BF47F6410161
:10050000C0F27D11884207D820680122816862F319
:100510000921816010BD00BF21684FF28102C0F245
:10052000FA229042886805D8022262F30920886086
:1005300010BD00BF40F44070886010BDC009D0E716
:100540004009CEE70009CCE7000ACAE78009C8E7FE
:10055000FEE70000000000000020704700000000DF
:10056000002070470000000010B540F6243440F22F
:100570006431C2F20004C2F200410022204608F0B9
:10058000D7FF40F220312046C2F2000108F0C0FF40
:10059000002010BD0000000010B540F624340146D4
:1005A000C2F20004204608F0B3FF204608F08CFF9A
:1005B000002010BD00000000002070470000000077
:1005C00040F62432C2F20002D2F8BC22D2F8142241
:1005D000002A1CBF0120704710B540F624340A469B
:1005E000C2F200040146204608F0A2FF2046BDE802
:1005F000104009F021B8000040F6D430C2F20040AB
:1006000001F0CABB0000000040F60060C2F200002A
:1006100001F0C2BB0000000040F20F42D0F800C061
:10062000C4F20202944511DC6F22C4F20202944526
:1006300022DC3F22C4F20202944539DC1022C4F2CB
:10064000020294455AD0282254E000BF40F26F4283
:10065000C4F2020294451BDC40F23F42C4F20202A3
:1006600094452DDC40F21042C4F20202944545D07C
:1006700040F228423EE000BF9F22C4F202029445AD
:1006800028DC7022C4F20202944537D0882231E07F
:1006900040F29F42C4F20202944523DC40F27042D1
:1006A000C4F20202944529D040F2884222E000BF01
:1006B0004022C4F20202944520D058221AE000BF22
:1006C00040F24042C4F20202944517D040F2584230
:1006D00010E000BFA022C4F2020294450ED0B8225E
:1006E00008E000BF40F2B842C4F20202944505D0CF
:1006F00040F2A042C4F20202944517D10CF0F80275
:100700004AF6AB23103ACAF6AA23A2FB03310AA386
:100710005F2AC1F302115B5C40F2FF312CEA010158
:10072000C36588BF04318165084670472CF0FF011E
:1007300081650846704700BF0006101600061016B7
:100740007047000000000000EFF3108072B600BF99
:10075000FEE700000000000040F64C40C2F20040FE
:1007600002F042BD0000000040F64C40C2F20040E2
:1007700002F03ABD0000000070B52DED0E8B40F286
:10078000A40040F21C15C2F200409FEDFC3AC2F2F8
:10079000004540F20C0690ED000A90ED011A30EE93
:1007A000030A90ED032A85ED000AB1EE410A85EDBA
:1007B000010AB1EE420A8068A86085ED030AC2F220
:1007C00000462868A86195ED000A95ED011A30EE03
:1007D000010A85ED070A95ED000A95ED011A30EE44
:1007E000010A95ED021A30EE010A9FEDE51A85ED3A
:1007F000080A95ED080A31EE400A95ED081AB1EEA7
:10080000408A31EE000A85ED090A96ED080A96ED58
:1008100009AA96ED0A1A20EE01CA95ED060A0BF018
:1008200095FA96ED0B1A96ED0C2AB0EE409A95EDDE
:10083000060A22EE01BA0BF089FA2BEE00BA96ED09
:100840000BDAACEE09BA96ED08CA95ED060A0BF084
:100850007DFAB0EE409A96ED0AEA95ED070A0BF0A4
:1008600075FA2EEE000AADEE090A96ED0CDAACEE42
:1008700000BA96ED0BCA95ED060A0BF067FAB0EEDA
:10088000409A96ED0BEA95ED070A0BF05FFA2EEE13
:10089000000AACEE090A96ED08CAADEE00BA96ED74
:1008A0000BDA95ED060A0BF051FAB0EE409A96ED90
:1008B0000BEA95ED070A0BF049FA2EEE00EAADEED1
:1008C00009EA96ED0A9A95ED080A0BF03FFAA9EEAF
:1008D00000EA96ED0CDAACEE0EBA96ED0BCA95ED89
:1008E000060A0BF033FAB0EE409A96ED0BEA95ED5E
:1008F000070A0BF02BFA2EEE00EAACEE09EA96EDB1
:100900000B9A95ED080A0BF021FAA9EE00EA96ED94
:1009100008CAADEE0EBA96ED0BDA95ED060A0BF0AD
:1009200015FAB0EE409A96ED0BEA95ED070A0BF03A
:100930000DFA2EEE00EAADEE09EA96ED0B9A95ED72
:10094000080A0BF003FAA9EE00EA96ED0A9A95ED73
:10095000090A0BF0FBF9A9EE00EA96ED0DDAACEE10
:100960000EBA96ED0BCA95ED060A0BF0EFF9B0EE54
:10097000409A96ED0BEA95ED070A0BF0E7F92EEE9B
:1009800000EAACEE09EA96ED0B9A95ED080A0BF039
:10099000DDF9A9EE00EA96ED0B0A96ED0E1A30EE9F
:1009A000019A95ED090A0BF0D1F9A9EE00EAADEE36
:1009B0000EBA2AEE0B0A85ED0C0A96ED080A96EDA2
:1009C00009AA96ED0A1A20EE01CA95ED070A0BF066
:1009D000BDF996ED0B1A96ED0C2AB0EE409A95ED06
:1009E000070A22EE01BA0BF0B1F92BEE00BA96ED30
:1009F0000BDAACEE09BA96ED08CA95ED070A0BF0D2
:100A0000A5F9B0EE409A96ED0AEA95ED080A0BF0CA
:100A10009DF92EEE000AADEE090A96ED0CDAACEE69
:100A200000BA96ED0BCA95ED070A0BF08FF9B0EE00
:100A3000409A96ED0BEA95ED080A0BF087F92EEE39
:100A4000000AACEE090A96ED08CAADEE00BA96EDC2
:100A50000BDA95ED070A0BF079F9B0EE409A96EDB6
:100A60000BEA95ED080A0BF071F92EEE00EAADEEF7
:100A700009EA96ED0A9A95ED090A0BF067F9A9EED5
:100A800000EA96ED0DDAACEE0EBA96ED0BCA95EDD6
:100A9000070A0BF05BF9B0EE409A96ED0BEA95ED84
:100AA000080A0BF053F92EEE00EA96ED0B0A96EDCC
:100AB0000E1AACEE09EA30EE019A95ED090A0BF038
:100AC00045F9A9EE00EAADEE0EBA2AEE4B0A85ED25
:100AD0000D0A96ED080A96ED09BA96ED0A1A20EE6F
:100AE00001AA95ED080A0BF031F996ED0B1A96ED77
:100AF0000C2AB0EE409A95ED080A22EE01CA0BF0DE
:100B000025F92CEE00CA96ED0BDAAAEE09CA96ED8D
:100B100008AA95ED080A0BF019F9B0EE409A96ED87
:100B20000AEA95ED090A0BF011F92EEE000AADEE76
:100B3000090A96ED0DDAAAEE00CA96ED0BAA95ED1C
:100B4000080A0BF003F996ED0B1A96ED0E2AB0EE9B
:100B5000409A95ED090A31EE02EA0BF0F7F82EEE15
:100B6000000A40F64C44C2F2004400212046AAEE9E
:100B7000090A9FED219A00F005B800BFC3F5C83FF0
:100B8000C3F5C8BFF0EE490AB0EE491AF0EE491AB3
:100B9000ADEE00CA2BEE0C0A85ED0E0AB0EE490A46
:100BA00095ED0C2A0AF08CFFB0EE490AF0EE490AE6
:100BB000B0EE491AF0EE491A95ED0D2A01212046B2
:100BC0000AF07EFFB0EE490AF0EE490AB0EE491A8B
:100BD000F0EE491A95ED0E2A022120460AF070FF28
:100BE000D6ED0F0A03212046B0EE480ABDEC0E8B6D
:100BF000BDE870400BF038B80000000000000000B5
:100C000090F85C20012A01D102207047B0B582B073
:100C100042F2083200230193C4F202020093A2F5CB
:100C200042740368A34227D14FF6006C4FF600557B
:100C3000CFF6FF7CCFF6FF7552F80C405359234393
:100C40005B0719D4D1F800E01368BEF1000F23F45C
:100C500040441FD04B6823431360535952F80C5043
:100C60002B43DB0722D1136840F61F75AB4389681D
:100C7000194341EA0E0118E0016E41F020010166BE
:100C80000121002280F85C2002B0BDE8B040084697
:100C9000704700BF1460515952F80C301943C9070E
:100CA00004D1116840F61F73994311600021E8E7F1
:100CB0002DE9F04381B00022009290F85C20012AD7
:100CC00004D10221084601B0BDE8F0830368012287
:100CD00080F85C209A68520700F10E8246F2083CC8
:100CE0000D68C5F6020C4FF6FF7EACF54278C0F2F7
:100CF0000F0E43454FEA95640FD095FAA5F615EA15
:100D00000E0FB6FA86F608BFAE0E06F01F050126D6
:100D100006FA05F5DE693543DD614D681F2204F0F2
:100D20001F04C5F3012605F01F05AA4003EB860644
:100D3000AC40376B27EA0202224332639A689C6810
:100D400002F0040204F00804121940F004810A6859
:100D500007268D684345C2F34064C2F3045203EB97
:100D6000840406FA02F6676905FA02F227EA060623
:100D700042EA0602626117D041F20002C5F6004263
:100D8000126802F07042B2F1805F73D14A69DC6888
:100D90000E2505EA540402FA04F90C694F46042CA6
:100DA00000F08280A8E000BF4FF60452CFF6FF7239
:100DB000D1E90445042C5CF8026065D14FF6585225
:100DC000CFF6FF725CF802201A6E0E68C2F38462DE
:100DD00016EA0E04C6F3846596FAA6F6B6FA86F607
:100DE000374608BF2F46BA420CD11A6E22F0004295
:100DF0001A660A6802EA0E04C2F3846592FAA2F245
:100E0000B2FA82F65A6E37465A6E002C08BF2F4649
:100E1000C2F38462BA420CD15A6E22F000425A6682
:100E20000A6802EA0E04C2F3846592FAA2F2B2FAE8
:100E300082F69A6E37469A6E002C08BF2F46C2F390
:100E40008462BA420CD19A6E22F000429A660A6815
:100E500002EA0E04C2F3846592FAA2F2B2FA82F6B2
:100E6000DA6E002CDA6E08BF2E46C2F38462B242FC
:100E70003AD070E0DA684C69DD68D2064FEA550571
:100E80000AD405F00E0209E006224FF0004902EAFA
:100E9000960205FA02F72FE005F0080204FA02F9BB
:100EA0000C694F46042C27D11A6E0C6802F0F842E8
:100EB000A406A24240F082801A6E22F000421A6616
:100EC0005A6E02F0F842A24200F07E809A6E02F062
:100ED000F842A24203D19A6E22F000429A66DA6E7C
:100EE00002F0F842A24236D1DA6E22F00042DA660F
:100EF0009A68D20733D0B8E003F160060A68434528
:100F000002F0F84256F8245042EA090218BF05F0F0
:100F10000047434542EA070246F824200C695FD0A7
:100F200091F821200D7E56F8247027F00047012A01
:100F300008BF07F100476A1EB2FA82F246F8247031
:100F400052090C69D2021D6904F01F0425F4F04512
:100F5000A2402A431A619A68D20740F08680ACF515
:100F60001672434518BF03F1C002CD680C6805F046
:100F70001805166804EA0E072EFA05F5BE432C4044
:100F8000344314600024CA68C4F2FF74A24268D1DA
:100F90000C6814EA0E0F3FD094FAA4F2B2FA82F26F
:100FA000013202F01E07092F02F01F073DD801226F
:100FB00007EB4706BA4042EA065742E05A6E02F093
:100FC000F842A2427FF482AF5A6E22F000425A6683
:100FD0009A6E02F0F842A2423FF47DAF7FE700BF75
:100FE000ACF52A72CD6952F8246026F0807635433C
:100FF00042F824500C6991F8205052F82460012DD9
:1010000026F0007608BF06F1007642F824609A6860
:10101000D207A4D029E000BF012202EB946202F0C3
:101020001E070A2F02F01F07C1D3012207EB470654
:10103000BA400027CFF6206707EB06573A4342F045
:101040000077C7F340620725C7F304578E6803EBA8
:101050008202BD40546906FA07F724EA05052F43CA
:1010600057610E68B6F1FF3F02DD002149E000BF85
:1010700042F2000142F20015C4F20201C4F202057C
:1010800001F5807201F542779342624608BF3A4605
:101090008B4208BF3A4643F48077AF42156823D1AC
:1010A0008A68D1F808111143C90725D1002105F03C
:1010B000E074CCF252718E4208BF15F4000127D0C3
:1010C0000021CCF221318E4260D10021B1EB146FAE
:1010D0005CD1434515D1DCF8001021F0E0712143CB
:1010E00041F0807165E000BF4FF60051CFF6FF710F
:1010F0005CF80110C907D9D0016E41F020010166EA
:101100000121002280F85C20084601B0BDE8F08390
:101110004345AAD1DCF8001042F6635221F0E07199
:10112000C0F23E52214341F40001CCF8001040F2DD
:101130000401C2F2004109688909A1FB0212910968
:10114000022202EB41010091009900298DD0009903
:1011500001390091009900293FF487AF00990139C6
:101160000091009900293FF480AF00990139009166
:10117000009900293FF479AF009901390091009955
:1011800000294FF00001E2D1BBE700BF43454FF01B
:101190000001B6D10022CCF68432964208BF15F485
:1011A0008002AED1DCF8001021F0E071214341F45F
:1011B0008001CCF800100021A3E70000000000002F
:1011C000F0B581B04FF00001009178B3016E39B9EC
:1011D000044600F07DF920460021616684F85C1029
:1011E00001688A6892004FF6C072C5F6FF7202D598
:1011F0008B6813408B608B68DB0032D48B6802F104
:1012000080521A4042F6635342F080528A6040F2A4
:101210000402C0F23E53C2F2004212689209A2FBDD
:101220000323012202EB931206E000BF01242046B3
:1012300001B0F0BD009A013A0092009A8AB1009A7A
:10124000013A0092009A62B1009A013A0092009A23
:10125000002A1FBF009A013A0092009A18BF002A84
:10126000E8D18A68D20009D4026E012442F010024B
:101270000266426E42F00102426600E000248A6883
:10128000036E03F0100302F00402D218026E59D16B
:1012900022F4817246F2100C023202668A68C5F6A8
:1012A000020CD20724D142F2001341F48072C4F23E
:1012B00002039A4242F20002C4F2020240F0F080BD
:1012C0009368D2F808512B43DB0711D102F58073E4
:1012D00002F5427599422B4618BF0CF53E739142B8
:1012E00008BF2B4642681D6825F47C152A431A6006
:1012F000427EC56BACF11006B14245EA423529D0B9
:1013000082682A4390F82050012D42EA054506D113
:10131000426A0023CFF6FE7303EB42421543826A12
:1013200022B102F47872C36A1A431543B1421FD046
:101330004CF20303CA68CFF6F0731A402A43CA601E
:1013400028E000BF42F0100101240166204601B0F0
:10135000F0BD00BFD0E9022E082A00F0A9800C2AB7
:1013600000F0A4801C2A40F0A5801022A5E000BF58
:1013700044F207035CF8042CCFF6F0731A402A43BA
:101380004CF8042CDCF80020436B22F040621A4336
:10139000CCF800208A688B6802F0040203F008038E
:1013A000D2186AD1027EB1424FEA823226D0036B54
:1013B000CF6844F20305AF433B431A43CA6090F839
:1013C0004420012A48D14FF61E030A69CFF6004394
:1013D0000125D0E912761A40CFF6FF7505EB0747D5
:1013E0003243066D3A43476D3243036C3A430A6118
:1013F0000A6922F070421A430A613AE05CF8043C40
:1014000090F8385044F2030E90F8447023EA0E032B
:1014100043EA4503012F42EA03024CF8042C1BD196
:101420004FF61E02DCF80010CFF600421140D0E962
:1014300012231143026D1943436D1143026C19438A
:1014400041F00101CCF80010DCF8001021F07041EF
:101450001143CCF8001010E00A69B14222F00102F9
:101460000A610A69036C22F0704242EA03020A61CF
:1014700003D00546FEF7ECFF2846016802690B6BB6
:10148000012A23F00F0202D1C369013B1A430A6308
:101490000122016E62F301010166204601B0F0BD38
:1014A0005CF8083CDB073FF411AF21E7082204E0B9
:1014B000002202E0182A18BF002242EA0E022A4344
:1014C00090F82050012D42EA05453FF421AF26E770
:1014D00070B5B6B0044602A8283090210025319599
:1014E000CDE93455CDE93255FEF744FF42F2000113
:1014F0002068C4F20201884202D036B070BD00BF3D
:101500004FF4002002900220049010210395CDE9B1
:101510000510CDE90700C0200B95CDE9090502A80B
:1015200004F0DEF808B1FFF70FF944F2D8400026C6
:10153000C5F60200016841F020010160016801F078
:10154000200101910199816841F001018160806869
:1015500031A900F001000190019820203190032072
:1015600032900020C5F60200339602F095FA40F65C
:10157000D4351020C2F20045C4F2020028600920D0
:10158000C5E901064FF4806028614FF4006068618E
:101590004FF40050A8614FF48070EE60C5E9070673
:1015A00028466E6201F004F808B1FFF7CDF8A56592
:1015B000AC6336B070BD00002DE9F041044602F086
:1015C00047FB1CB3054694F83500022822D140F2AF
:1015D0000F472668C4F2020740F26F48BE426FF020
:1015E0000E00C4F202081DDC6F21C4F202018E421B
:1015F0002ADC3F21C4F202018E4241DC1021C4F2F8
:1016000002018E4263D028215CE000BF0120BDE8CA
:10161000F08100BF802060650120002184F8341033
:10162000BDE8F08146451BDC40F23F41C4F20201B7
:101630008E422DDC40F21041C4F202018E4246D0AF
:1016400040F228413EE000BF9F21C4F202018E42D9
:1016500028DC7021C4F202018E4238D0882131E0AA
:1016600040F29F41C4F202018E4223DC40F27041FD
:10167000C4F202018E422AD040F2884122E000BF2B
:101680004021C4F202018E4221D058211AE000BF4D
:1016900040F24041C4F202018E4218D040F258415B
:1016A00010E000BFA021C4F202018E420FD0B82189
:1016B00008E000BF40F2B841C4F202018E4206D0F9
:1016C00040F2A041C4F202018E42314607D13146B8
:1016D000306820F01E0041F8140B6FF080000A689B
:1016E000464500EA020008601ADC9F20C4F20200AE
:1016F000864233DC5720C4F2020086425ADC1020B6
:10170000C4F20200864200F097802820C4F2020052
:10171000864200F091804020C4F202008AE000BFBF
:1017200045F22F40C5F6020086422DDC40F2B7405C
:10173000C4F2020086424BDC40F27040C4F2020068
:10174000864279D040F28840C4F20200864273D0CB
:1017500040F2A040C4F202006CE000BF40F227401B
:10176000C4F20200864243DCA020C4F2020086429A
:1017700062D0B820C4F2020086425DD040F2104030
:10178000C4F2020056E000BF45F26B40C5F602000D
:1017900086423FDC45F23040C5F6020086424BD01F
:1017A00045F24440C5F60200864245D045F2584015
:1017B0003EE000BF5820C4F2020086423CD07020B8
:1017C000C4F20200864237D08820C4F2020031E021
:1017D00040F2B840C4F2020086422DD045F20840E3
:1017E000C5F60200864227D045F21C4020E000BF2B
:1017F00040F22840C4F2020086421DD040F2404030
:10180000C4F20200864217D040F25840C4F20200EF
:1018100010E000BF45F26C40C5F6020086420BD0D6
:1018200045F29440C5F60200864205D045F280405C
:10183000C5F60200864204D1206E016821F4807151
:101840000160306820F00100306000BF3068C007E0
:1018500010D002F0FDF9401B0628F7D32020606568
:10186000032084F835000120002184F83410BDE8FD
:10187000F08100BF20680821B8424FF03F0211DC20
:101880006F23C4F2020398421EDC3F23C4F202031A
:10189000984235DC1023C4F20203984257D0282323
:1018A00050E000BF40451BDC40F23F43C4F202035E
:1018B00098422DDC40F21043C4F20203984246D015
:1018C00040F228433EE000BF9F23C4F20203984247
:1018D00028DC7023C4F20203984238D0882331E018
:1018E00040F29F43C4F20203984223DC40F270436B
:1018F000C4F2020398422AD040F2884322E000BF9B
:101900004023C4F20203984221D058231AE000BFBA
:1019100040F24043C4F20203984218D040F25843C8
:1019200010E000BFA023C4F2020398420FD0B823F6
:1019300008E000BF40F2A043C4F20203984206D080
:1019400040F2B843C4F20203984240F0C580D4E9A3
:10195000163707F01F07404502FA07F25A5019DC04
:101960009F21C4F20201884232DC5721C4F20201F5
:10197000884259DC1021C4F20201884200F09680AE
:101980002821C4F20201884200F090804021C4F274
:10199000020189E045F22F41C5F6020188422DDCA3
:1019A00040F2B741C4F2020188424BDC40F2704180
:1019B000C4F20201884279D040F28841C4F20201A7
:1019C000884273D040F2A041C4F202016CE000BF33
:1019D00040F22741C4F20201884243DCA021C4F254
:1019E0000201884262D0B821C4F2020188425DD06F
:1019F00040F21041C4F2020156E000BF45F26B41D3
:101A0000C5F6020188423FDC45F23041C5F60201CD
:101A100088424BD045F24441C5F60201884245D088
:101A200045F258413EE000BF5821C4F2020188420D
:101A30003CD07021C4F20201884237D08821C4F220
:101A4000020131E040F2B841C4F2020188422DD0D7
:101A500045F20841C5F60201884227D045F21C41F3
:101A600020E000BF40F22841C4F2020188421DD0AC
:101A700040F24041C4F20201884217D040F258417E
:101A8000C4F2020110E000BF45F26C41C5F602014C
:101A900088420BD045F29441C5F60201884205D038
:101AA00045F28041C5F6020188420BD1616EA26EFB
:101AB000E06E4A6030B1016821F480710160D4E9C0
:101AC0001C014160012084F835000020002184F8C9
:101AD0003410BDE8F08100BF0421012237E7000087
:101AE000F0B190F83510022918D180B540F20F42BC
:101AF0000168C4F20202914214DC6F23C4F20203B3
:101B0000994225DC3F23C4F2020399423CDC1023B6
:101B1000C4F2020399425DD0282357E08021416539
:101B20000120704740F26F43C4F2020399421BDC6C
:101B300040F23F43C4F2020399422DDC40F21043CD
:101B4000C4F20203994245D040F228433EE000BF70
:101B50009F23C4F20203994228DC7023C4F20203DB
:101B6000994237D0882331E040F29F43C4F2020308
:101B7000994223DC40F27043C4F20203994229D017
:101B800040F2884322E000BF4023C4F2020399429E
:101B900020D058231AE000BF40F24043C4F20203B1
:101BA000994217D040F2584310E000BFA023C4F27E
:101BB000020399420ED0B82308E000BF40F2B843B8
:101BC000C4F20203994205D040F2A043C4F20203DA
:101BD000994275D191424FF0040280F8352011DC12
:101BE0006F20C4F20200814222DC3F20C4F20200D6
:101BF000814239DC1020C4F20200814259D02820F1
:101C000054E000BF40F26F40C4F2020081421BDC8E
:101C100040F23F40C4F2020081422DDC40F210400D
:101C2000C4F20200814244D040F228403EE000BFAE
:101C30009F20C4F20200814228DC7020C4F202001E
:101C4000814236D0882031E040F29F40C4F2020049
:101C5000814223DC40F27040C4F20200814228D06D
:101C600040F2884022E000BF4020C4F202008142DE
:101C70001FD058201AE000BF40F24040C4F20200DA
:101C8000814216D040F2584010E000BFA020C4F2BC
:101C9000020081420DD0B82008E000BF40F2B840F9
:101CA000C4F20200814204D040F2A040C4F202001B
:101CB0008142086820F001000860002080BD00BF5C
:101CC0000A6822F00E020A6045F25742C5F6020287
:101CD00091420A6822F001020A600FDC45F22F42AD
:101CE000C5F60202914219DC45F20842C5F602022D
:101CF000914229D045F21C4222E000BF45F27F42CA
:101D0000C5F60202914213DC45F25842C5F60202C2
:101D1000914219D045F26C4212E000BF45F23042C8
:101D2000C5F6020291420FD045F2444208E000BFDE
:101D300045F29442C5F60202914205D045F2804236
:101D4000C5F6020291421AD1D0E9181CD0E916E377
:101D50000A6822F480720A6003F01F01012202FA6D
:101D600001F1CEF80410816ECCF80410C16E31B1CF
:101D70000A6822F480720A60D0E91C124A600121CC
:101D800080F83510016D0022002980F8342094D0AD
:101D90008847002080BD00002DE9F04782B0002177
:101DA000019140F2040148F2B513C2F20041C1F6BC
:101DB0004E33856D40F26F490A680168C4F202092A
:101DC0002E68A2FB032849452A6815DC9F22C4F22D
:101DD000020291422CDC5722C4F20202914251DCF1
:101DE0001022C4F2020291427BD02822C4F20202E5
:101DF000914276D040226FE045F22F43C5F60203B0
:101E0000994229DC40F2B743C4F20203994245DC0F
:101E100040F27042C4F20202914262D040F2884223
:101E2000C4F2020291425CD040F2A04254E000BFF2
:101E300040F22742C4F2020291423FDCA022C4F2E7
:101E4000020291424DD0B822C4F20202914248D01F
:101E500040F2104240E000BF45F26B43C5F602037A
:101E6000994275DC45F23043C5F60203994200F011
:101E7000828045F24443C5F6020399427BD045F285
:101E8000584373E05822C4F20202914229D07022D2
:101E9000C4F20202914224D088221DE040F2B843ED
:101EA000C4F2020399421CD045F20843C5F602036E
:101EB000994260D045F21C4358E000BF40F22842EE
:101EC000C4F2020291420CD040F24042C4F202023B
:101ED000914206D040F25842C4F20202914240F0D0
:101EE0005383C26D082302F01F0240F20F4A934051
:101EF000C4F2020A334200F0DE8051454FF0040480
:101F000012DC6F27C4F20207B9426DDC3F27C4F22E
:101F10000207B94200F39C801027C4F20207B942BD
:101F200000F0BD802827B5E0494569DC40F23F4715
:101F3000C4F20207B94200F3938040F21047C4F2A2
:101F40000207B94200F0AB8040F22847A2E000BF90
:101F500045F26C43C5F6020399420CD045F280432A
:101F6000C5F60203994206D045F29443C5F6020332
:101F7000994240F009830B68C76D07F01F070426DC
:101F8000BE40164218BF13F0040423D10226BE40FF
:101F9000164218BF13F0020442D1FA40120740F172
:101FA000F38213F0080200F0EF820A6822F00E02BA
:101FB0000A60012101FA07F26A60416580F8351074
:101FC000C16C00294FF0000280F8342040F0D88224
:101FD000DAE200BF1A046E6034D49A0636D40A6876
:101FE00022F004020A6031E09F27C4F20207B942DE
:101FF00040DC7027C4F20207B94250D0882749E07C
:1020000040F29F47C4F20207B9423BDC40F27047FE
:10201000C4F20207B94242D040F288473AE000BF1A
:102020001A046E6000F1B4829A0600F1B5820A6863
:1020300022F00A020A60012180F83510002180F8A0
:102040003410A9E2D90301D4816C98E2016C96E2C4
:102050004027C4F20207B94221D058271AE000BF36
:1020600040F24047C4F20207B94218D040F2584744
:1020700010E000BFA027C4F20207B9420FD0B82772
:1020800008E000BF40F2A047C4F20207B94206D000
:1020900040F2B847C4F20207B94218BF08240F68DB
:1020A000274208D00F6827F004070F60AB60436D2C
:1020B00043F0010343650123934033426FD0514500
:1020C00010DC6F27C4F20207B9421DDC3F27C4F2BF
:1020D0000207B94234DC1027C4F20207B94256D0D5
:1020E00028274FE049451BDC40F23F47C4F2020776
:1020F000B9422DDC40F21047C4F20207B94246D083
:1021000040F228473EE000BF9F27C4F20207B942D1
:1021100028DC7027C4F20207B94238D0882731E0A2
:1021200040F29F47C4F20207B94223DC40F27047F5
:10213000C4F20207B9422AD040F2884722E000BF29
:102140004027C4F20207B94221D058271AE000BF45
:1021500040F24047C4F20207B94218D040F2584753
:1021600010E000BFA027C4F20207B9420FD0B82781
:1021700008E000BF40F2A047C4F20207B94206D00F
:1021800040F2B847C4F20207B94240F007824F69F3
:102190003F0604D5AB60436D43F00203436504235F
:1021A000934033426FD0514510DC6F27C4F20207D1
:1021B000B9421DDC3F27C4F20207B94234DC1027C4
:1021C000C4F20207B94256D028274FE049451BDC2C
:1021D00040F23F47C4F20207B9422DDC40F21047FB
:1021E000C4F20207B94246D040F228473EE000BFA1
:1021F0009F27C4F20207B94228DC7027C4F2020705
:10220000B94238D0882731E040F29F47C4F2020734
:10221000B94223DC40F27047C4F20207B9422AD027
:1022200040F2884722E000BF4027C4F20207B942CB
:1022300021D058271AE000BF40F24047C4F20207FD
:10224000B94218D040F2584710E000BFA027C4F2AE
:102250000207B9420FD0B82708E000BF40F2A047FC
:10226000C4F20207B94206D040F2B847C4F20207EE
:10227000B94240F09B810F68BF0704D5AB60436D46
:1022800043F004034365102303FA02F2324200F0E4
:10229000828051454FF0080310DC6F27C4F202071B
:1022A000B9421DDC3F27C4F20207B94234DC1027D3
:1022B000C4F20207B94256D028274FE049451BDC3B
:1022C00040F23F47C4F20207B9422DDC40F210470A
:1022D000C4F20207B94246D040F228473EE000BFB0
:1022E0009F27C4F20207B94228DC7027C4F2020714
:1022F000B94238D0882731E040F29F47C4F2020744
:10230000B94223DC40F27047C4F20207B9422AD036
:1023100040F2884722E000BF4027C4F20207B942DA
:1023200021D058271AE000BF40F24047C4F202070C
:10233000B94218D040F2584710E000BFA027C4F2BD
:102340000207B9420FD0B82708E000BF40F2A0470B
:10235000C4F20207B94206D040F2B847C4F20207FD
:10236000B94218BF04230F681F4214D0AA600A683C
:1023700052030A6808D4D20508D40A6822F0080279
:102380000A60016C21B906E0110351D4016C11B14E
:10239000044688472046C16D01F01F02202101FA42
:1023A00002F3334200F0AF8001681027514511DC81
:1023B0006F26C4F20206B1421EDC3F26C4F20206BA
:1023C000B14239DC1026C4F20206B1425BD02826A5
:1023D00054E000BF49451BDC40F23F46C4F2020610
:1023E000B14231DC40F21046C4F20206B1424AD09A
:1023F00040F2284642E000BF9F26C4F20206B142E6
:102400002CDC7026C4F20206B1423CD0882635E0AE
:1024100040F29F46C4F20206B14227DC40F2704609
:10242000C4F20206B1422ED040F2884626E000BF38
:10243000816C0029ACD1AEE74026C4F20206B1425D
:1024400021D058261AE000BF40F24046C4F20206EE
:10245000B14218D040F2584610E000BFA026C4F2A6
:102460000206B1420FD0B82608E000BF40F2A046F5
:10247000C4F20206B14206D040F2B846C4F20206E7
:10248000B14218BF02270E683E423CD0AB6090F8C4
:102490003530042B0B681DD123F016030B604B69FC
:1024A00023F080034B61036C0BB9836C1BB10B6889
:1024B00023F008030B603F219140A960012180F8BF
:1024C0003510016D00294FF0000280F8342057D1FB
:1024D0005AE000BF5A030A680CD4D2050ED40A6829
:1024E00022F010020A60012180F83510002180F8E6
:1024F000341003E0110301D4416C00E0C16B11B151
:10250000044688472046416D00293DD0416DC907EA
:1025100034D0042180F8351001684FEA98220B6806
:1025200023F001030B60019B0133019393421AD8FE
:102530000B68DB0717D0019B01330193934212D83C
:102540000B68DB070FD0019B0133019393420AD83C
:102550000B68DB0707D0019B01330193934202D83C
:102560000B68DB07DFD10968C9074FF0030108BF1B
:10257000012180F83510002180F83410C16C19B1A8
:1025800002B0BDE8F047084702B0BDE8F08700BFE1
:10259000D90301D4416CF2E7C16BF0E70B68042367
:1025A000934033427FF4FFAD6DE600BF0B686AE6EF
:1025B0002DE9F041044601F04BFBFCB140F26F48BD
:1025C00005462068C4F2020840451BDC9F21C4F286
:1025D0000201884232DC5721C4F20201884259DCF0
:1025E0001021C4F20201884200F083802821C4F245
:1025F0000201884200F07D80402175E00120BDE8A5
:10260000F08100BF45F22F41C5F60201884229DC66
:1026100040F2B741C4F20201884247DC40F2704107
:10262000C4F20201884264D040F28841C4F202013F
:1026300088425ED040F2A04156E000BF40F2274100
:10264000C4F20201884241DCA021C4F202018842A6
:102650004FD0B821C4F2020188424AD040F2104162
:1026600042E000BF45F26B41C5F60201884200F32B
:10267000D18045F23041C5F60201884200F0DD808C
:1026800045F24441C5F60201884200F0D68045F289
:102690005841CDE05821C4F20201884229D070216E
:1026A000C4F20201884224D088211DE040F2B841E2
:1026B000C4F2020188421CD045F20841C5F602016D
:1026C000884200F0BA8045F21C41B1E040F2284156
:1026D000C4F2020188420CD040F24041C4F202012F
:1026E000884206D040F25841C4F20201884240F0CC
:1026F0003981022184F83510002184F834100168F2
:1027000021F00101016000BF20680168C9070DD0F8
:1027100001F09EFA401B0628F6D3202060650320B6
:1027200084F835000120BDE8F08100BF48F23F0287
:1027300004F108060168CFF61062114065694CCEBD
:102740001143A2691943E3693143266A0D43616A63
:102750002B43042943EA060343EA020303D1D4E9E5
:102760000B652E4333436568A5F12906292E00F237
:102770003182DFE816F02B002B002B002B002B0002
:102780002B002F022F022F022F022F022F022F02C7
:102790002F022F022F022F022F022F022F022F02B1
:1027A0002F022B002B002B002B002F022F022F02B9
:1027B0002F022B002B002F022F022F022F022F029D
:1027C0002F022B002B002B002B0000BF43F48013A3
:1027D00003600429436923F0070341EA030140F041
:1027E000DD80D4E90A53002B41EA050100F0D680D0
:1027F000B2F5005F00F0B880002A40F0C180022DE1
:1028000000F0C180012D00F0B580002D00F0BB80EC
:10281000C4E000BF45F26C41C5F6020188420CD00D
:1028200045F28041C5F60201884206D045F2944146
:10283000C5F60201884240F0958004F1080E02219D
:1028400084F83510002184F834100168A3699EE8EB
:102850000450A2F18005E769B5FA85F566696D094E
:10286000402A4FEA853543EA07026FF3101142EA26
:10287000060208BF102541EADC0142EA0E02236A83
:10288000294341EAD20141EA131140F80819C0B2C4
:10289000CD2148433C2101EA9020E0652046FDF728
:1028A000BBFEE16D012201F01F0102FA01F141605E
:1028B0002068404500F381809F21C4F202018842D4
:1028C00014DC5721C4F20201884227DC1021C4F233
:1028D0000201884200F0C7802821C4F20201884228
:1028E00000F0C1804021C4F20201B9E040F227416A
:1028F000C4F20201884221DCA021C4F20201884214
:1029000000F0B180B821C4F20201884200F0AB802F
:1029100040F21041C4F20201A2E000BF5821C4F20B
:102920000201884200F09F807021C4F202018842B7
:1029300000F099808821C4F2020191E040F2284120
:10294000C4F20201884200F08E8040F24041C4F29D
:102950000201884200F0878040F25841C4F202012F
:102960007EE000BF4020D9E6032D17D8DFE805F050
:102970000E0B0E02A3F1C072B2FA82F2520904E009
:10298000032D03D30AD1C3F300623AB1402060653E
:10299000012084F83500BDE8F08100BF4161204688
:1029A000FDF73AFEE16D3F2201F01F0102FA01F14D
:1029B0008160206840457FF77FAF45F22F41C5F623
:1029C0000201884216DC40F2B741C4F2020188429B
:1029D00026DC40F27041C4F20201884243D040F24A
:1029E0008841C4F2020188423DD040F2A041C4F2C5
:1029F000020135E045F26B41C5F6020188421FDC59
:102A000045F23041C5F6020188422CD045F24441DE
:102A1000C5F60201884226D045F258411EE000BFAB
:102A200040F2B841C4F2020188421CD045F208418C
:102A3000C5F60201884216D045F21C410EE000BFE7
:102A400045F26C41C5F6020188420CD045F2944132
:102A5000C5F60201884206D045F28041C5F6020162
:102A6000884240F0E18045F2574C45F6FC0EC5F631
:102A7000020CC5F6020E60450EDC45F22F41C5F68C
:102A80000201884218DC45F20841C5F6020188427D
:102A900028D045F21C4121E045F27F41C5F60201F4
:102AA000884213DC45F25841C5F60201884219D02C
:102AB00045F26C4112E000BF45F23041C5F602011B
:102AC00088420FD045F2444108E000BF45F29441EE
:102AD000C5F60201884205D045F28041C5F60201E3
:102AE000884247D100F0FC014CF6CD420839CCF6C3
:102AF000CC42A1FB0212AEF1FC05AEF17C0613093B
:102B0000A26803F01F01802A4FF0010205EB830544
:102B1000256602FA01F26666A26605D100206060B1
:102B2000286072601EE000BF6368D9B25F1E072F85
:102B30002960726016D84E1E082E19D260450EF11B
:102B4000440237DC45F22F41C5F60201884249DCD8
:102B500045F20841C5F60201884259D045F21C41B0
:102B600052E000BF00206067C4E91B005CE000BFCA
:102B7000E06E54E000F0F8014AF6AB221039CAF6D4
:102B8000AA22A1FB021240F20F43C4F2020308255D
:102B90001109984203F1AA060B4688BF05EB1213F0
:102BA00040F60005B042C4F2020505F1800628BFD8
:102BB0000B46A5E745F27F41C5F6020188421BDCC2
:102BC00045F25841C5F60201884221D045F26C41D8
:102BD0001AE000BF25F00307742F08BF43F48013E9
:102BE000F6E500BF45F23041C5F6020188420FD03C
:102BF00045F2444108E000BF45F28041C5F60201BC
:102C0000884205D045F29441C5F60201884213D1AD
:102C10000EEB83000121E066B1402267616700216D
:102C20000160D4E91C01416000206065012184F845
:102C30003510BDE8F08100BF40F60000C4F202008C
:102C400000F1FC0E00F5A072E2E7000000000000B9
:102C500070B582B248F68901514340F2A40E1E2A93
:102C6000C2F2000E4FEA11534FEA0316A6EB1156BB
:102C70004EF21801CEF20001A0EB460C2CD25FEA16
:102C80000C4008BF70BD4FF47A7051F8042C0CFB57
:102C900000F051F8043CDEF80060CEF8043080B259
:102CA000002370430E6808E03344B542A3EB0503EC
:102CB0002E4628BF134483420CD20D68B542F3D18F
:102CC0000D68B54204BF0D68B542EDD10D68B5423F
:102CD000F3D0E9E770BD00BFDEF8000047F23052E4
:102CE000424301E0013BCAD051F8040C51F8044CB6
:102CF000CEF8044000240D6809E000BF2C44AE4229
:102D0000A4EB0604354628BF04449442EAD20E6878
:102D1000AE42F3D10E68AE4204BF0E68AE42EDD1B2
:102D20000E68AE42F3D0E9E790F89830013B012BF2
:102D30000ED80068836D0B4212D0836D0B408B421E
:102D400032D1C36D43F00203C3658B050ED412E08C
:102D500000F19C01012002220B681A430A607047AF
:102D6000C36D43F00103C3658B0504D5D0F8E03093
:102D70001343C0F8E0304B0504D5D0F8E4301A43D3
:102D8000C0F8E4204FF6FF72436DC3F6CF720A40DD
:102D90001A4342658A0F4AF614010020C4F200016A
:102DA0000B681A430A6070470323C3658B05DDD4A3
:102DB000E1E700000000000090F89830022B1BD1E2
:102DC0002DE9F0410668D6F8C03013F07C5F1BD0C7
:102DD000D6F8C4309B0221D4D6F8C4300C69C3F3B2
:102DE000044CD1E90035002D8D6821D023432B43BD
:102DF00043F0804E20E000BFD0F89C1041F0080165
:102E0000C0F89C1001207047D0F89C1041F02001C0
:102E1000C0F89C100120BDE8F08100BFD0F89C10E4
:102E200041F40071C0F89C100120BDE8F08100BFA2
:102E300044EA834343EA050E836E0D6AD1E90684B2
:102E40000CFB03F744EA0563D0F884404D6943EA7C
:102E5000080343EA050804EB8703CD6844F827E03C
:102E600048EA05075F60CF68B7F5803F0FD34CF2A3
:102E70000C15083303320024C0F60005171957F863
:102E8000037C1F51CF890434EF5DBC42F6D301218E
:102E900001FA0CF1C6F8D010C0F894100020BDE87B
:102EA000F0810000000000007047000000000000FA
:102EB00090F89830012B0FD1012900684FEA026287
:102EC00012D0D9B9D0F8F01021F07C511143C0F8DC
:102ED000F0100020704700BFD0F89C1041F00401B2
:102EE000C0F89C1001207047D0F8A01021F0FE41DE
:102EF0001143C0F8A0100020704700BFD0F8B010F8
:102F000021F0FE411143C0F8B010002070470000CE
:102F100090F89820013A012A0CD880B50A68002A56
:102F2000CA680FD00B69072A43EA427E18D18B6921
:102F30001BE000BFD0F89C1041F00201C0F89C10CB
:102F400001207047072A19D10A69D1E906C3120482
:102F500042EA032242EA0C0242F0605218E000BF4B
:102F6000D1F808C04B6943EA8C73006F496800EBE5
:102F7000C10240F831E05360002080BD8B68D1E988
:102F800004CE9B0743EAC26242EA0C4242EA0E02C6
:102F90004968C06E40F82120002080BD000000007C
:102FA00090F898C0BCF1010F0ED19200006842EA7F
:102FB0000111DDF800C041EA430141EA0C01C0F80B
:102FC00080100020704700BFD0F89C1041F0040131
:102FD000C0F89C10012070477047000000000000FE
:102FE00070470000000000002DE9F04390F8987051
:102FF000022F1DD1402925D10768D7F8A06016F40B
:10300000FE0F00F0B180D7F8A460760600F0BE8015
:10301000D7F8A46000F17405F60148BFD7F8A060A6
:10302000D7F8A470C7F30526476CB44631E000BF5B
:10303000D0F89C1041F00801C0F89C100120BDE8B8
:10304000F08300BF41291BD10768D7F8B06016F4A0
:10305000FE0F00F08980D7F8B460760600F0968005
:10306000D7F8B46000F17805F60148BFD7F8B06032
:10307000D7F8B470C7F30526C76CB44609E000BFA3
:10308000076D8F4270D900F17C05466D4FF0000C42
:103090000F4607FB06F42D6805EB840E55F82470E7
:1030A00017F08047576055F8247027F0604608BF36
:1030B000C7F38A46166055F8247007F000579760EA
:1030C00055F8244004F000441461BEF80440D46173
:1030D000DEF8044014F47024D460DEF8044004F4F4
:1030E00080145461DEF8044004F4001494619EF8E6
:1030F000074004F07F041462DEF804404FEAD47401
:10310000546228D04CF20C180024C0F600080EEBD4
:103110000406651C377A1F55D78918F80770BD4219
:1031200019D21F19757A7D70D58918F80590A51CDC
:103130004D453FBFB57ABD70D58918F805903CBFA5
:10314000E51C4D4507D2F57A0434FD70D58918F891
:103150000550AC42DBD3402910D10068C0F8A8C0AC
:103160000020BDE8F08300BFD0F89C1041F02001A2
:10317000C0F89C100120BDE8F08300BF41290FD1A9
:103180000068C0F8B8C00020BDE8F083D0F89C10FB
:1031900041F48071C0F89C100120BDE8F08300BFAD
:1031A0001F2909D80068012202FA01F1C0F898101D
:1031B0000020BDE8F08300BF006801F01F0101227C
:1031C00002FA01F1C0F89C100020BDE8F083000075
:1031D0000068D0F8C40000F03F0070470000000015
:1031E00070470000000000002DE9F04F87B0044652
:1031F0004AF61000C4F2000001684AF61400C4F256
:103200000000026820680A40D0F850B0D0F854900E
:10321000056D466D036D0293436D0193036D069337
:10322000436D0593036D0493436D0393D0F854A04D
:10323000D0F850805FEACA5311D518F480710ED0CF
:103240004FF4807101654AF610010020C4F20001BC
:10325000174608602046FFF7C3FF3A4620685FEA3A
:103260004A510BEA090B4FEA827740F14B814AF64B
:10327000100918F48061C4F2000910D0D0F8DC10F5
:103280000092D0F8E42011404FF4806202650020E3
:10329000C9F80000204600F0EFFB009A206805EA1C
:1032A00006050BF4704657B10021016502F00300DA
:1032B000C9F8000020463946FFF7F6FD2068DDE931
:1032C000012101EA020705F00F0546B1066500205D
:1032D000C9F800002046314600F0D6FB206807F010
:1032E000F00645B105650020C9F8000020462946D2
:1032F00000F07AFB206846B106650020C9F800009E
:103300002046314600F080FB20685FEA0A510CD568
:1033100018F4006109D04FF4006101650020C9F87C
:103320000000204600F0B4FB20685FEA8A5111D506
:1033300018F400710ED0D0F8D810D0F8E020114069
:103340004FF4007202650020C9F80000204600F02A
:1033500097FB20685FEA0A310CD518F4002109D0E8
:103360004FF4002101650020C9F80000204600F05C
:1033700037FB20685FEACA310CD518F4803109D0D8
:103380004FF4803101650020C9F80000204600F0AC
:103390006FFB20685FEA4A31DDE9032101EA02059B
:1033A0000CD518F4802109D04FF48021016500204C
:1033B000C9F80000204600F057FB20685FEA8A3118
:1033C000DDE9052102EA010205F060710ED518F46D
:1033D00000330BD04FF4003303650023C9F80030ED
:1033E000D4F89C3043F08003C4F89C3002F071554F
:1033F00039B101650020C9F800002046FFF7F0FD53
:10340000206845B105650021C9F80010D4F89C106A
:103410002943C4F89C10A9F5016188420AD0D4F868
:103420009C0000286AD0204607B0BDE8F04FFFF7A7
:10343000D3BD00BF606881688907F0D0016A426A25
:10344000036A476A114003EA070202F03005D0F828
:103450002080D0F82490D0F820B0466A026A069204
:1034600011F00F01426A0592D0F824A0026A04927A
:1034700003D00162204600F0EBFA08EA09072DB1FB
:10348000606829460562204600F0EAFA5FEA4A6071
:1034900006EA0B0607F4C0750ED5049810F040003C
:1034A0000AD060684023C16BC26B090C02F03F0276
:1034B0000362204600F0D0FADDE9051000EA0107BA
:1034C00006F4FC462DB1606829460562204600F0EE
:1034D000BBFA07F4F02036B161680E62D4F89C1094
:1034E0003143C4F89C10002899D061680862D4F870
:1034F0009C100843C4F89C0091E700BF07B0BDE8EA
:10350000F08F00BF4AF61009C4F20009002F05EA47
:1035100006050BF470467FF4C7AED0E6000000004D
:10352000F0B12DE9F04F83B04AF200080446C4F22E
:1035300000080068404533D094F89810B9B3816909
:1035400021F01001816100F083FB0546206881694C
:10355000090707D500F07CFB401B0B28F6D312E0CF
:1035600001207047816941F00101816100F070FB29
:10357000054600BF20688169C90721D100F068FBBA
:10358000401B0B28F6D30120D4F89C100843C4F844
:103590009C00032084F89800012003B0BDE8F08F60
:1035A00008F58071616094F898100029C7D1002057
:1035B00084F89900204600F0B3F92068BFE700BF07
:1035C000816941F002018161217C826922F040021F
:1035D000012918BF40328261617C826922F48042F5
:1035E000012908BF02F580428261A17C826922F430
:1035F0008052012918BF02F580528261816921F44D
:103600004073D4E902120B438361836923F0A4035E
:103610008361036923F0100303619AB1012A0DD07D
:10362000022A09D08369032A43F080038361036976
:1036300043F01002026105D1202200E004228369D8
:103640001A438261D4E90572E369561E6FF0FF02E6
:10365000256A02EB0323B1F5407F43EA4663A5F1F7
:10366000010646EA030640F20003CFF6FF7303EBC0
:10367000074746EA0701C16110D1D4E90B65D4E9D7
:103680000917013F02EB06226FF00F063A4306EBE3
:1036900005173A4303EB01411143C160236E2BB17F
:1036A000616ED0F8C0201143C0F8C010E16DCDE9C3
:1036B0000113D9424CF25401C0F6000109D0D0F8F0
:1036C000C820A36E22F0070251F823301A43C0F835
:1036D000C820D4F840C0BCF1000F09D0D0F8BC20FD
:1036E000636C22F0070251F823301A43C0F8BC2063
:1036F000D4F848B0BBF1000F0AD0D0F8BC20E36C7E
:1037000022F0700251F8233042EA0312C0F8BC20C4
:10371000D4F850A0BAF1000F0AD0D0F8BC20636DE5
:1037200022F4E06251F8231042EA0121C0F8BC10F3
:10373000404504D161688A6822F003028A60002152
:10374000C4F89410C4F89C10012184F8981004F176
:103750003409D0F884104FF6FC729143656C99E8F7
:103760000C02009541EA8201C0F88410D0F8841060
:1037700021F47F0141EA0341C0F884109918D0F880
:1037800088306FF38F0343EA8103C0F88830D0F8A4
:10379000883023F4FE0343EA0943C0F8883001EB84
:1037A0004903D0F8A0606FF38F0646EA8306C0F89D
:1037B000A060D0F8A06026F4FE0646EA0C46C0F8E9
:1037C000A06005FB0C36D0F8B0306FF38F0343EAEE
:1037D0008603C0F8B030D0F8B03023F4FE0343EADB
:1037E0000B43C0F8B030E36CD0F8AC506FF38F05EA
:1037F00003FB0B6645EA8605C0F8AC50D4F854804C
:1038000008FB0A65D0F8F0606FF38F0646EA85067C
:10381000C0F8F060D0F8F0E0A66D2EF47C1747EA0F
:103820000647C0F8F070F70007EB8507D0F8C050E6
:103830006FF38F052F43C0F8C070D0F8C070009DA3
:10384000DDF804E027F47C1705FB0CFC4AF20005C8
:1038500047EA0E47C0F8C070C4F2000503FB0BC373
:1038600005F54067D0F8C05007EB820207EB8101F5
:1038700025F07C57029D47EA0567C0F8C07001EB50
:10388000C90008FB0A372167A16E00EB8C0C60674A
:1038900000EB8303E266C4E91EC30EFB01F300EBF9
:1038A00087006943C4F8800000EBC600C4F88400B8
:1038B00000EB8300C4F8880000EB81004DF2FC317E
:1038C000C4F20001C4F89000884201D920205BE6D0
:1038D00082421FD21146002041F8040BD4F89030E8
:1038E0009942BFF45AAE506002F10801D4F890300A
:1038F00099423FBF906002F10C01D4F89030994298
:10390000BFF44BAED0601032D4F890108A42E1D3AD
:1039100043E600BF002003B0BDE8F08F00000000C8
:10392000B0B5B6B0044602A80830B02100253195E4
:10393000CDE93455CDE93255FCF71CFD4AF20001C2
:103940002068C4F20001884202D036B0B0BD00BF8A
:103950004FF4004002904FF080501D9002A8039554
:1039600001F0BEFE08B1FCF7EFFE44F2E040C5F600
:103970000200C16841F48071C160C16801F48071C6
:1039800001910199016841F008010160006831A9C5
:1039900000F008000190019803203190022032903D
:1039A0000020CDE933000920359040F60040C5F6EF
:1039B000020000F071F813200021002200F030FA1C
:1039C000132000F019FA15200021002200F028FA37
:1039D000152000F011FA36B0B0BD00000000000064
:1039E000704700000000000040F64C42C2F2004266
:1039F000904205D111F0010008BF704707F008BFE1
:103A00007047000000000000704700000000000048
:103A100090F8981001290DD1022180F898100168C2
:103A20008A6922F001028A610021C0F89C100020FE
:103A3000704700BFD0F89C1041F00401C0F89C1002
:103A400001207047000000007047000000000000E7
:103A500070470000000000007047000000000000F8
:103A600070470000000000007047000000000000E8
:103A700070470000000000007047000000000000D8
:103A800070470000000000007047000000000000C8
:103A900070470000000000002DE9F04F83B00F6870
:103AA000002F00F0C98000F1264642F2004506F1E1
:103AB000FF76C5F602050A22A8424FEAB62540F273
:103AC000040C08BF092200F120030093082DC5F65D
:103AD000000C38BF4FEAB622002400264FF0000841
:103AE00001920AE008F101080F6837FA08F206F1BE
:103AF000020604F1040400F09F80012202FA08FE8D
:103B000017EA0E09EED0D1F804B003220BF0030738
:103B1000B2407D1E6FEA020A012D11D88268CD687D
:103B200002EA0A02B5402A438260CBF300154268DC
:103B300022EA0E0205FA08F52A43426004E000BFBB
:103B4000032F01D103271FE0C2688D6802EA0A0231
:103B5000B540022F42EA0502C26015D16FF00302A0
:103B600004F01C0502EA580B009A0F2352F80BE0F0
:103B7000AB400F692EEA0303AF403B4342F80B30E2
:103B8000D1F804B00BF00307026807FA06F302EA63
:103B90000A021BF4403F42EA03020260A2D044F250
:103BA000F44340F2084EC5F60203C5F6000E0F2599
:103BB0001A6842F002021A601A6802F002020292C7
:103BC00028F00302029B04F00C0352F80E709D4093
:103BD000AF43019D05FA03F33B4342F80E304FF02B
:103BE000B04EDEF800204B6842EA0907DD0258BFFC
:103BF00022EA09079D02CEF80070DCF8002042EAB4
:103C0000090758BF22EA09079D03CCF80070DCF8C9
:103C1000802042EA090758BF22EA0907DB03CCF8F3
:103C20008070DCF87C2042EA090758BF22EA0907C5
:103C3000CCF87C7056E700BF03B0BDE8F08F000001
:103C4000002A08BF090481617047000000000000DD
:103C500041F2EC40C2F20000006870470000000032
:103C600040F2000041F2EC41C2F20000C2F2000159
:103C700000780A68104408607047000000000000E7
:103C800080B5032000F0FCF802F01EFC44F218415D
:103C90004CF2C803C5F60201C0F600030A68C2F37D
:103CA00003229A5C096801F00F0102F01F02595CBF
:103CB000D04040F20802C2F2004201F01F0120FA97
:103CC00001F1116040F20401C2F2004108600020DD
:103CD00000F00AF800281CBF012080BD00F07CF82D
:103CE000002080BD00000000B0B540F20005C2F227
:103CF00000052978F1B1044640F20400C2F2004008
:103D00004FF47A72B2FBF1F10068B0FBF1F003F00E
:103D100053F80F2C01464FF001000AD8002918BFB4
:103D2000B0BD4FF0FF300022214600F079F80020AE
:103D30006C60B0BD0120B0BDB0B502784EF69C5CA1
:103D4000CEF2000C43784CF8043CFAB14368CCF84E
:103D50000030037BC17A90F80AE0457B447A42EA5E
:103D60000372837B42EA0161C27B41EACE41007A61
:103D700041EA854141EA434141EA024141EA0421E5
:103D800041EA4000CCF80400B0BD00BF0020CCF8F0
:103D90000000CCF80400B0BD4EF62450CEF2000076
:103DA000BFF35F8F016821F480310160002101675A
:103DB00070470000000000004EF6245140F0010062
:103DC000CEF200010867086840F480300860BFF355
:103DD0004F8FBFF36F8F704781B044F2F440C5F648
:103DE0000200016841F002010160006800F0020079
:103DF0000090009801B07047002848BF704700F05D
:103E00001F01012202FA01F14EF20012C0F34A1022
:103E1000CEF2000242F820107047000000000000BF
:103E200070B54EF60C5C4FF0FF36CEF2000C00F190
:103E3000604505F56445DCF80030C3F3022E8EF0D2
:103E40000703042B28BF0423BEF1030406FA03F37F
:103E500021EA030100F00F0338BF0024043B0028CF
:103E6000634406FA04F048BF03F10C05A14022EABE
:103E7000000008430001287070BD00000000000031
:103E80004EF60C514FF6FF03CEF200010A681A40BD
:103E900060F30A2242F0806040F0FD7008607047D5
:103EA00001680122C0F80025002280F8F424886906
:103EB00040F000608861486D40F08052002042F080
:103EC00003024A65704700007047000000000000D0
:103ED00002680020516270472DE9F043D0F800805D
:103EE000D8F8243091B1D8F82870B1F1010C03EB67
:103EF00017414FD05FFA8CF30CF0030E042B08F53A
:103F000082730BD2002700242BE000BF002043EA7D
:103F10000241C8F82810BDE8F08300BF0CF0FC098E
:103F200008F1F406002400BF56F8107F44F00100A9
:103F3000C0B244F00305EDB201EB174144F00207B3
:103F400053F82000FFB2043401EB104053F827105F
:103F500053F82550E7B200EB11404F4500EB1541F7
:103F6000E2D1BEF1000F15D053F82700BEF1010FCA
:103F700001EB10410ED0601CBEF1020FC0B253F82D
:103F8000200001EB104105D0A01CC0B253F8200066
:103F900001EB104108EB8C0041EA0241C0F804112A
:103FA0000020BDE8F0830000D0F8080505F074BEDD
:103FB00001EBC10200EB8202D0F80805926C05F01B
:103FC000D7BD00000000000001EBC10200EB82023F
:103FD000D0F80805D2F8882205F026BE00000000BF
:103FE000D0F8080505F05CBE10B501F00F0E0A46CA
:103FF0004FFA82FCD2090EEBCE01BCF1000F00EBB0
:10400000810303F51F7148BF03F13C0190F8BC34F4
:104010004A70012B81F800E002D1022010BD00BFE0
:10402000012280F8BC2402680446104606F034FCE5
:10403000002084F8BC0410BDB0B501F00F02436845
:10404000934201D20120B0BD4CB202EBC2038C46B8
:10405000002C00EB830303F51F714FEADC1448BF0B
:1040600003F13C0190F8BC344C700024012B8C709F
:104070000A7001D10220B0BD012280F8BC24026880
:104080000546104606F0E8FE204685F8BC44B0BD63
:1040900001F00F0101EBC10100EB8100D0F89002AB
:1040A000704700000000000010B54FFA81FCBCF121
:1040B000000F01F00F0C0CEBCC0123D400EB810EB0
:1040C00000218EF87D120EF51F718EF87CC2CEF89D
:1040D00084228EF88032022B01D100224A7190F89E
:1040E000BC24012A02D1022010BD00BF012280F8A9
:1040F000BC2402680446104606F07AFA002084F8D0
:10410000BC0410BD00EB81014FF0010E01F83CCF63
:1041100081F801E08A600B71A1F81AC0022BDCD093
:10412000DDE700000000000080B501F00F0C0CEB93
:10413000CC0100EB810E0021CEE9A331C3688EF8DB
:104140007D120EF51F71CEF88822012B8EF87CC2ED
:1041500008BFCA61DAB2006806F0CAFE002080BD5E
:10416000B0B501F00F04426894424FF001022DD81F
:104170004FFA81FC01EBC10304EBC405BCF1000F55
:1041800000EB830303F51F7300EB850548BF05F1C2
:104190003C0390F8BC54C9095970012D9A701C70E9
:1041A00002D10220B0BD00BF012180F8BC14054639
:1041B0000068194606F07CFE2CB9297B286805F2B8
:1041C000C44206F019FE002285F8BC241046B0BD9A
:1041D00080B501F00F0CD0F80CE0BEF1010F0CEB34
:1041E000CC0100EB810101F83CCF4FF0000CC1E99C
:1041F0000323C1F814C04FF001034B7008BFCA611C
:104200005FFA8EF2006806F073FE002080BD0000A9
:104210002DE9F04F87B005688246284607F074F80C
:1042200010B107B0BDE8F08FDAF8000007F09CF895
:104230000028F6D0D5F80808C0F30D20CAF8FC0411
:10424000DAF8000007F090F88007DAF8000003D5EC
:10425000416901F00201416105F50061059107F036
:1042600083F8C006DAF80000069535D5816921F09B
:10427000100181612C6A04F00F0000EBC001C4F34F
:1042800043400AEB8101062801F51F7512D0022870
:104290001BD147F6F07014EA000616D03409E9681D
:1042A0000698224607F064F8E86800EB1610E8600C
:1042B00008E000BF0AF2C4410822069807F058F847
:1042C000C4F30A14686920446861DAF8000081695F
:1042D00041F010018161069D07F046F8000340F1AE
:1042E000F980DAF8000007F01BF8002800F0F280EF
:1042F00006464FF4306800244FF0000B0AF2C44029
:10430000049008E00BF1010B760808F1200804F195
:10431000240400F0DF80F007F4D05FFA8BF9DAF8BC
:104320000000494607F018F80746C00761D005EBC2
:10433000080001218160DAF8000008EB0001036C3D
:104340008A68DAF80C50012D26D1150734D4950669
:1043500000F1B88043F20B05C4F65475AB42069DDC
:1043600002D312F4004231D10AEB0402D2F89C329B
:1043700009696FF3DF41A3EB0101C2F89012A4BBFE
:10438000D2F88C32002B00F0A380D2F888020844C7
:10439000C2F8880229E000BF43F20B05C4F6547549
:1043A000FF35AB4218D11004069D0FD490061CD5E2
:1043B0002020886019E000BF43F20B00069DC4F680
:1043C0005470834215D312F4004012D04FF40040D1
:1043D000886038070FD43DE0069D34B9DAF88C12B6
:1043E00019B90021049A06F007FD50464946FFF727
:1043F000EBFD38072ED505EB08000821816043F25C
:104400000B01DAF80000C4F65471056C40448D428B
:1044100081680BD311F4004108D04FF40041816052
:10442000504600F019FD069D0AE000BF504600F01E
:1044300013FD43F20B00C4F654708542069D09D368
:10444000DAF80C00012805D1DAF800000121049AFD
:1044500006F0D2FCF80607D4B8070BD4B80624D46B
:10446000B8047FF54FAF27E005EB0800102181600D
:10447000B807F3D56869000604D50599486840F483
:10448000806048600AEB040090F87F12012906D191
:10449000002180F87F125046494600F085FB05EB6D
:1044A000080002218160B806DAD505EB080020215A
:1044B0008160B8047FF526AF05EB08004FF400518A
:1044C00081601FE720208860069D380793D4C1E7EC
:1044D000012187E7DAF8000006F046FF400340F1CB
:1044E000E180DAF8000006F013FF002800F0DA801F
:1044F0000646069800F5106900250AF13C00049074
:104500000AF2C4400290CDF80C9004E0760805F160
:10451000010500F0C780F007F8D0EFB2DAF800002C
:10452000394606F005FF0446C0070BD1200735D4F5
:10453000E00639D460063DD4A00741D42006E5D575
:1045400058E000BF059B05F00F004FF0010C09EB90
:1045500045120CFA00F0596B21EA00005863C2F8CA
:1045600008C0DAF80C00012812D105EBC500049947
:1045700001EB8000D0E902121144C16045B9006925
:1045800030B9DAF800000121029A06F035FC00BFCC
:1045900050463946FFF70CFD2007C9D509EB4510F9
:1045A00008218160E006C5D509EB45101021816026
:1045B0006006C1D509EB451040218160A007BDD53B
:1045C0000698294606F034FE05EBC500049901EB78
:1045D000800010F8031F012905D100210170504609
:1045E000394600F0DDFA09EB451002218160200612
:1045F0007FF58CAF05EBC500049901EB8008D8E985
:1046000004108142FFF482AFDAF800400A1AD8F8A9
:1046100008309A4238BF134604EB451203F1030CED
:10462000D2F818399BB2B3EB9C0F2BD302F510696B
:10463000D8F81010814223D9081A9AF80C20D8E92A
:1046400002B1584538BF8346009220461FFA8BF3CB
:104650003A4606F0B9FFD8F80C00D8F814105844C0
:10466000C8F80C0001EB0B00C8F814000BF10301B3
:10467000D9F8182092B2B2EB910FD9D2D8F8101015
:10468000DDF80C9081423FF641AF05F00F000121AB
:1046900001FA00F0D4F8341821EA0000C4F8340814
:1046A00034E700BFDAF8000006F05EFE00280DD403
:1046B000DAF80000069C06F057FE000526D4DAF86A
:1046C000000006F051FE000131D43CE00599486835
:1046D00020F0010048609AF8F404012808D1002075
:1046E0008AF8F40400215046FFF7EEFB03E000BF18
:1046F000504600F091FBDAF80000069C416901F099
:104700000041416106F030FE0005D8D5059880686B
:10471000C00702D0504600F0C7FBDAF8000041693C
:1047200001F40061416106F01FFE00010BD5DAF8CB
:104730000000416901F0006141619AF8F41499B1F7
:10474000504600F0B1FBDAF8000006F00DFEC004A0
:104750001BD4DAF8000006F007FE8004DAF8000047
:1047600000F114812DE100BF01218AF8F414406D9D
:10477000C0F38300CAF8F8045046FFF7A5FBDAF847
:10478000000006F0F1FDC004E3D50599486820F06B
:1047900001004860DAF80000102106F049FDDAF85F
:1047A0000400002800F0C280042800F0030C01D2AD
:1047B00000216DE020F0030E04F536634FF6A0589B
:1047C0004FF6C0554FF6E0544FF6006000214FF60B
:1047D0007F37CFF6FF78CFF6FF75CFF6FF74CFF6B1
:1047E000FF7000BFA3F51872A3F51076043197602F
:1047F0008E4553F8082022F4001243F8082043F8AD
:10480000587C53F8602C22F4001243F8602C53F8C3
:10481000602C42F0006243F8602CB760A3F5087684
:104820005A5922F400125A5143F8387C53F8402C5C
:1048300022F4001243F8402C53F8402C42F000625E
:1048400043F8402CB760A3F500761A5922F4001201
:104850001A5143F8187C53F8202C22F4001243F824
:10486000202C53F8202C42F0006243F8202CB76033
:104870001A5822F400121A509F601A6822F400128B
:104880001A601A6842F000621A6003F18003A9D12D
:10489000BCF1000F069849D000F5106200F53060B9
:1048A00002EB41174FF67F334E01BCF1010FBB60A5
:1048B00000EB4115975927F400179751AB608759C2
:1048C00027F400178751875947F0006787512DD08B
:1048D0004F1CBCF1020F4FEA471502EB471600EBE5
:1048E0004717B360565926F400165651BB6043591A
:1048F00023F400134351435943F00063435115D04F
:1049000002314FF67F364F0102EB411300EB4111AC
:104910009E60D35923F40013D3518E60C15921F402
:104920000011C151C15941F00061C151059E84215E
:104930000B224423F06940F00110F061DAF83000F6
:10494000002808BF142104BF42F22B021023DAF81A
:10495000000077583A437250F1580AF2C44241F0CD
:104960000B01F150316821F4FE6131609AF80C10AE
:1049700006F042FADAF80000416901F48051416121
:1049800006F0F2FC8004DAF800001AD505F074FE97
:10499000DAF8000006F0A8FCCAF81000DAF80040C7
:1049A00001F00AFD9AF810200146204606F080FD2D
:1049B000504600F019FADAF80000416901F400519C
:1049C000416106F0D1FC000706D4DAF8000006F0D9
:1049D000CBFC00060DD437E0504600F021FADAF89F
:1049E0000000416901F00801416106F0BDFC0006CC
:1049F0002AD50699886920F080008861DAF80400D9
:104A0000022821D30AF51F740AF13C05012640F261
:104A1000A32703E001362437864215D21AF807107F
:104A20000129F7D106F00F00320600EBC00005EBBC
:104A3000800158BF04EB8001DAF8000006F068FB43
:104A4000DAF80400E6E700BFDAF8000006F08CFCB4
:104A5000C0024FD4DAF8000006F086FC8002069D02
:104A600040F18080DAF8041002292AD305F532607B
:104A700001390AF52972012306E000BF013900F16E
:104A8000200002F124021CD007681678012EF5D10F
:104A9000B7F1FF3FF2DCDAF8FC6407F4803706F088
:104AA0000106B742EAD102F8013CAF6947F080073E
:104AB000AF616F693F06E1D40599486840F4007022
:104AC0004860DAF80000416901F40011416106F024
:104AD0004BFC40004CD55046FFF766FADAF8000070
:104AE000416901F08041416106F03EFC40077FF5DD
:104AF00098AB44E0DAF80400022827D306990AF1BB
:104B00003C0401F512650AF163064FF00108012724
:104B100006E000BF01372035874206F1240615D292
:104B200029687278012AF5D1B1F1FF3FF2DC07F074
:104B30000F0086F8008000EBC00004EB8001DAF87B
:104B4000000006F0E5FADAF80400E3E7DAF800001E
:104B5000416901F48011416106F006FC8002069D66
:104B60003FF580AFDAF8000006F0FEFB4000B2D45B
:104B7000DAF8000006F0F8FB40077FF552ABDAF8F0
:104B800000004468610704D55046FFF729FADAF8B7
:104B9000000041682143416007B0BDE8F08F00008C
:104BA000D0F8080505F0E4B8D0F8080505F0F8B825
:104BB000002800F0C5802DE9F04F8BB080460568D5
:104BC00090F8BD0428B9002088F8BC04404600F0E5
:104BD000CFF8032088F8BD04E86BC00502D400209C
:104BE000C8F80C00D8F8000006F0FEF8D8F800006D
:104BF0000A9008F1040ED8E908769EE82E58D8E904
:104C00000A9AD8E90C40CDE908400A988DE8205866
:104C1000CDE90476CDE9069A05F03EFD002840F086
:104C20008780D8F800000021002506F0F9FBD8F8AD
:104C3000041000295DD008F13C004FF0010C002267
:104C4000002300BF02EBC20200EB820700F8223013
:104C5000DAB201337A83DAB287F801C091423D714A
:104C6000BD60FD603D61EDD808F51F700022002594
:104C7000002300BF05EBC50743F00105ECB200EBD4
:104C80008706A14200F8273072703271B260F2607C
:104C900032612ED904EBC40700F8275043F0020517
:104CA000ECB200EB8706A14272703271B260F26022
:104CB00032611ED904EBC40700F8275043F0030506
:104CC000ECB200EB8706A14272703271B260F26002
:104CD00032610ED904EBC407043300EB870600F8F9
:104CE0002750DDB2A94272703271B260F260326157
:104CF000C0D8D8F808000A9008F11C0ED8F8002097
:104D0000D8E90337D8E905659EE80058D8E90A9A3A
:104D1000D8E90C40CDE9084002A8CDE9007680E84A
:104D2000205810460A9ACDE9069A05F015FE48B1BA
:104D3000022088F8BD0401200BB0BDE8F08F00BF51
:104D400001207047002088F83800012088F8BD0451
:104D5000D8F82400012802D14046FFF7A1F8D8F87E
:104D6000000005F0E9FD00200BB0BDE8F08F000069
:104D700010B5B0B002A9044601F10800B021FBF75C
:104D8000F9FA00212068C4F20401884202D030B050
:104D900010BD00BF002003904FF4802002904FF41C
:104DA0004010239002A800F09BFC08B1FBF7CCFC5C
:104DB00000F0BEF844F2D8400022C5F602000168B7
:104DC00041F0007101600068002100F00070019066
:104DD00001984D20FFF724F84D20FFF70DF830B073
:104DE00010BD00000000000010B50446006928B1A5
:104DF000022801D0FBF7A8FC012100E00021D4F833
:104E0000080505F059F8D4F80805BDE8104005F08C
:104E100007B8000000000000D0F8080505F030B821
:104E2000D0F8080505F038B890F8BC24012A01D163
:104E30000220704710B5012280F8BC2480F8381099
:104E400004460268104606F01FFB002084F8BC04EC
:104E500010BD000000000000D0F8082500F2C44199
:104E6000104605F041B8000010B5044690F8BC04A7
:104E7000012801D1022010BD2068012184F8BC1452
:104E8000C16BC90506D4A16A012903D1816B41F424
:104E90008031816306F0C4F9206805F03DFD0020F3
:104EA00084F8BC0410BD000010B50446D0F8080515
:104EB00005F076F82068D0F8001E41F00101C0F836
:104EC000001E206A002808BF10BD4EF61050CEF21A
:104ED0000000016841F00601016010BD0000000003
:104EE000B0B544F60C05C5F60205296849072968DE
:104EF00006D401F00701081A18BF0120B0BD00BF99
:104F000021F0070108432860FEF7A2FE044600BF17
:104F100055F8080C800407D4FEF79AFE001BB0F584
:104F20007A7FF5D90120B0BD0020B0BD000000009F
:104F300044F60C00C5F60200016841F08071016082
:104F4000704700000000000080B501F035FA44F21F
:104F500020414CF2C802C5F60201C0F60002096801
:104F6000C1F30211515C01F01F01C84080BD000077
:104F700080B544F2304EC5F6020E5EF8083C5EF88D
:104F8000081CC1F3051C5EF8041CBCF1000FDEF820
:104F9000042019D001F00101494201EAD20103F0D5
:104FA00003026FF35F31022A00EE101AB8EE400AD6
:104FB00014D0012A0ED01AB95EF8301C890611D41B
:104FC0009FED361A1CE000BF00218160C0E900118E
:104FD00080BD00BF9FED2F1A12E000BF9FED2E1A7B
:104FE0000EE000BF5EF8301C49F20002C0F2D03281
:104FF000C1F3C10122FA01F101EE101AB8EE411A13
:10500000DEF800109FED263A6FF35F2102EE101AD2
:10501000DEF80010C1F34621B8EE422A00EE032A62
:1050200000EE10CAB7EE003AB8EE400A81EE000A70
:1050300032EE031A02EE101AB8EE422A20EE010AEE
:1050400032EE031A80EE011ABCEEC11A80ED001A8E
:10505000DEF80010C1F3064101EE101AB8EE411A55
:1050600031EE031A80EE011ABCEEC11A80ED011A6E
:10507000DEF80010C1F3066101EE101AB8EE411A15
:1050800031EE031A80EE010ABCEEC00A10EE101ACF
:10509000816080BD0024744A001BB74B0024744C0F
:1050A000000000390000000080B544F2384EC5F61B
:1050B000020E5EF8103C5EF8101C5EF80C2CC1F37A
:1050C000053CDEF80410BCF1000F15D0C908D2066B
:1050D00001EAE2716FF35F3100EE101A03F0030191
:1050E0000229B8EE400A0DD081B95EF8381C890655
:1050F00010D49FED361A1BE000218160C0E9001139
:1051000080BD00BF9FED301A12E000BF9FED2D1A49
:105110000EE000BF5EF8381C49F20002C0F2D03247
:10512000C1F3C10122FA01F101EE101AB8EE411AE1
:10513000DEF800109FED263A6FF35F2102EE101AA1
:10514000DEF80010C1F34621B8EE422A00EE032A31
:1051500000EE10CAB7EE003AB8EE400A81EE000A3F
:1051600032EE031A02EE101AB8EE422A20EE010ABD
:1051700032EE031A80EE011ABCEEC11A80ED001A5D
:10518000DEF80010C1F3064101EE101AB8EE411A24
:1051900031EE031A80EE011ABCEEC11A80ED011A3D
:1051A000DEF80010C1F3066101EE101AB8EE411AE4
:1051B00031EE031A80EE010ABCEEC00A10EE101A9E
:1051C000816080BD0024744A001BB74B0024744CDE
:1051D000000000390000000080B544F2404EC5F6E2
:1051E000020E5EF8183C5EF8181C5EF8142CC1F331
:1051F000055CDEF80410BCF1000F15D0C908D2051B
:1052000001EAE2716FF35F3100EE101A03F003015F
:105210000229B8EE400A0DD081B95EF8401C89061B
:1052200010D49FED361A1BE000218160C0E9001107
:1052300080BD00BF9FED301A12E000BF9FED2D1A18
:105240000EE000BF5EF8401C49F20002C0F2D0320E
:10525000C1F3C10122FA01F101EE101AB8EE411AB0
:10526000DEF800109FED263A6FF35F2102EE101A70
:10527000DEF80010C1F34621B8EE422A00EE032A00
:1052800000EE10CAB7EE003AB8EE400A81EE000A0E
:1052900032EE031A02EE101AB8EE422A20EE010A8C
:1052A00032EE031A80EE011ABCEEC11A80ED001A2C
:1052B000DEF80010C1F3064101EE101AB8EE411AF3
:1052C00031EE031A80EE011ABCEEC11A80ED011A0C
:1052D000DEF80010C1F3066101EE101AB8EE411AB3
:1052E00031EE031A80EE010ABCEEC00A10EE101A6D
:1052F000816080BD0024744A001BB74B0024744CAD
:10530000000000390000000010B584B0024641F6EC
:10531000FF7300209B1A70EB01032DDA47F6FF7331
:105320009B1A70EB010380F2878082F400430B43E9
:1053300000F0EA8082F480330B4300F0098182F4AC
:105340000022114340F0918144F20040C5F6020072
:10535000816D01F44031B1F5003F00F03781B1F5C6
:10536000803F00F02981002940F01F810068000182
:1053700000F1018119E100BF40F2FF739B1A70EB4D
:1053800001032DDB82F480730B4300F0818082F4F3
:105390008062114340F0698144F20041C5F6020188
:1053A000886DC0F34252042A00F2FF8048F20000E8
:1053B000C0F2BB00DFE812F0A600DC00E6005901F5
:1053C000060000BFC86C0A68520700F04052086827
:1053D00002D5002A00F05081C00500F10E810FE1D6
:1053E00082F400630B4300F07B8082F4805211430F
:1053F00040F03B8144F20041C5F60201086DC0F364
:105400000232042A00F2D18048F20000C0F2BB0050
:10541000DFE812F07800AE00B8002B01060000BFF4
:10542000C86C0A68520700F04052086840F1E380F7
:10543000002A00F02181DEE082F400530B4300F0EB
:10544000738082F48042114340F00F8144F20044A3
:10545000C5F60204A06DC0F30270052800F2A58015
:10546000DFE810F00600F400E200EE00E0001401B6
:1054700000F0A2FF216A4CF2C802C0F60002C1F39C
:105480000211515C01F01F01C84004B010BD00BF03
:1054900044F20041C5F60201086D00F00702042A3B
:1054A00000F2838048F20000C0F2BB00DFE812F097
:1054B0002A0060006A00DD00060000BFC86C0A68B0
:1054C000520700F04052086802D5002A00F0D4804C
:1054D000C00540F19580B2F1805F00F0E6808FE07A
:1054E00044F20041C5F60201886DC0F30262042A4D
:1054F0005BD848F20000C0F2BB00DFE802F00339DD
:1055000043B6730008684EE044F20040C5F602005E
:10551000016D01F04051B1F1005F3DD0B1F1805F0C
:1055200040D000293CD040E044F20040C5F60200E3
:10553000016DC1F30241052937D8DFE801F0032DE1
:105540008F99773104B0BDE8104000F05DBF00BF17
:1055500044F20040C5F60200C16C0068C90322D5C0
:10556000000122D501A8FFF79FFD039804B010BDEC
:105570000868000119D501A8FFF796FD019804B04D
:1055800010BD00BF086880000FD501A8FFF724FEFA
:10559000019804B010BD00BF0068000105D558E0B7
:1055A000006874E00068800102D4002004B010BDDF
:1055B00001A8FFF7DDFC57E000688000F5D501A8E1
:1055C000FFF70AFE039804B010BD00BFC16C02686B
:1055D000520701F04051026862D5002960D1C2F340
:1055E000C1004BE0C86C0A68520700F040520868DE
:1055F00001D5002A40D0C00502D5B2F1805F54D059
:105600000868B2F1005F00F400314FF0000004BF01
:1056100043F20060C0F26E10002908BF084604B0D3
:1056200010BD00BF206802E0206818E0006840F666
:105630000011C005C0F23D0101EAE07004B010BDE8
:1056400020684007B1D5206816E000BF206800013F
:10565000ABD501A8FFF728FD06E000BF0068800079
:10566000A3D501A8FFF7B8FD029804B010BD00BF94
:105670000168490799D50068C0F3C10049F20001EB
:10568000C0F2D03121FA00F004B010BD206843F21E
:1056900000618003C0F26E1101EAE07004B010BD39
:1056A000D20509D5B1F1805F06D140F60010C0F2F5
:1056B0003D0004B010BD00BF0068B1F1005F00F410
:1056C00000324FF0000004BF43F20060C0F26E10E1
:1056D000002A08BF104604B010BD00000000000002
:1056E0002DE9F0470446C07844F22C480007C5F67F
:1056F000020828D5606E4FEA305103292AD8DFE826
:1057000001F0030B131B00BFD8F8001041F4003167
:10571000C8F8001010E000BF04F10800022102F0F8
:1057200083FD064680B906E004F12800022102F05C
:105730000FFE064640B9606ED8F8241021F44011DF
:105740000843C8F8240000266078C00706D1354613
:105750002FE000BF01266078C007F8D0A06D0428B4
:105760003ED83546DFE800F004140E0B0B0000BFF6
:10577000D8F80000354640F40030C8F800002F4645
:10578000C5B90DE004F12800002102F0E1FD04E0BC
:1057900004F10800002102F047FD05462F464DB9EF
:1057A000D8F82400A16D20F0070000250843C8F8B0
:1057B00024003746607840073AD5D4F8A4004FEA71
:1057C0007050052818D8DFE800F0031D11232323AB
:1057D000D8F8000040F40030C8F8000018E000BF1E
:1057E0000125012760784007E7D421E004F1280073
:1057F000002102F0ADFD0AE00125012660780007D6
:105800001AD44FE004F10800002102F00DFD054616
:105810002E461DB1607800070ED443E0D8F82C0066
:10582000D4F8A41020F4600000250843C8F82C0028
:105830003E466078000735D5D4F8A8004FEA3060BE
:10584000052813D8DFE800F004180C1E1E1E00BF48
:10585000D8F8000040F40030C8F8000012E000BFA3
:1058600004F12800002102F073FD0AE00125012760
:10587000E07880071AD434E004F10800002102F037
:10588000D3FC05462F461DB1E07880070ED428E0F2
:10589000D8F82C00D4F8A81020F0E06000250843C8
:1058A000C8F82C003746E07880071AD5E06C4FEA3C
:1058B0003010032838D8DFE800F009032D0900BFB5
:1058C000D8F8000040F40030C8F800002E464DB96A
:1058D000D8F82000E16C20F0300000250843C8F81B
:1058E00020003E466078C00639D5E06D4FEA303082
:1058F000042847D8DFE800F004221C0A0A0000BF91
:10590000D8F8000040F40030C8F800002F463DBB36
:105910001CE000BF04F10800022102F085FC0546EE
:10592000002D2E46DED1D3E701250126DAE700BFA0
:1059300004F12800002102F00BFD04E004F108004E
:10594000002102F071FC05462F464DB9D8F824001D
:10595000E16D20F4E04000250843C8F824003746F4
:105960006078800635D5206E4FEA3040052815D87E
:10597000DFE800F0041A0E04040400BF2E46DDB96F
:105980001EE000BF0125012760788006EBD420E0EF
:1059900004F12800012102F0DBFC0AE001250126C8
:1059A0006078400619D449E004F10800012102F0B2
:1059B0003BFC05462E461DB1607840060DD43DE007
:1059C000D8F82400216E20F4E02000250843C8F810
:1059D00024003E466078400630D5D4F8AC004FEA4B
:1059E000307005280ED8DFE800F003130703030327
:1059F0002F46ADB918E000BF04F12800012102F0E4
:105A0000A7FC0AE001250127607800061AD43CE0D3
:105A100004F10800012102F007FC05462F461DB1E4
:105A2000607800060ED430E0D8F82C00D4F8AC1022
:105A300020F0E04000250843C8F82C003746607885
:105A4000000622D5E06E58B1B0F1005F0CD0B0F185
:105A5000805F37D1D8F8000040F40030C8F800006B
:105A60002E469DB908E000BF04F10800012102F0B4
:105A7000DBFB05462E464DB9D8F82400E16E20F038
:105A8000405000250843C8F824003E46E078C0078F
:105A90001DD0A06C032855D8DFE800F008024A08A2
:105AA000D8F8000040F40030C8F80000A9467DB9DD
:105AB000D8F82000A16C20F0030000250843C8F8A6
:105AC000200004E001250126E078C007E1D1B146BD
:105AD000A078400602D44F4618E000BFD8F8D4039F
:105AE00040F48070C8F8D403FEF7B2F8064600BF51
:105AF000D8F8D403C00507D4FEF7AAF8801B6428A1
:105B0000F6D90325032701E02F46FDB12078C00711
:105B100000F06F80A06F4FEAF00005284ED8DFE854
:105B200000F0035347030303002D2E4654D157E0E2
:105B300004F10800022102F077FB0546002DA9467A
:105B4000C6D1B5E701254FF00109C1E7D8F84410E7
:105B5000D4F8B000414011F4407F11D0D8F844107F
:105B6000D8F8442042F48032C8F84420D8F84420C1
:105B700021F4407122F48032C8F84420C8F844105F
:105B8000B0F5807F40F0D082FEF762F8064641F221
:105B9000883A0325032700BFD8F84400800700F1A6
:105BA000C182FEF755F8801B5045F5D9AEE700BF1E
:105BB00004F12800012102F0CBFB0AE001250126B7
:105BC0002078800719D446E004F10800012102F092
:105BD0002BFB05462E461DB1207880070DD43AE0F8
:105BE000D8F82800A16F20F0380000250843C8F835
:105BF00028003E46207880072DD5606F05280FD8F5
:105C0000DFE800F004140804040400BF2F46ADB917
:105C100018E000BF04F12800012102F099FB0AE01E
:105C2000012501272078400719D447E004F1080036
:105C3000012102F0F9FA05462F461DB120784007F0
:105C40000DD43BE0D8F82800616F20F00700002554
:105C50000843C8F828003746207840072ED5D4F8E6
:105C6000900005280ED8DFE800F0031307030303B4
:105C70002E46ADB918E000BF04F12800012102F062
:105C800067FB0AE001250126207880061AD44BE044
:105C900004F10800012102F0C7FA05462E461DB1A5
:105CA000207880060ED43FE0D8F82C00D4F890106D
:105CB00020F0070000250843C8F82C003E46207855
:105CC000800631D5D4F88C004FEA307005280FD803
:105CD000DFE800F004140804040400BF2F46ADB947
:105CE00018E000BF04F12800022102F031FB0AE0B5
:105CF00001250127207840061AD44BE004F1080062
:105D0000002102F091FA05462F461DB12078400689
:105D10000ED43FE0D8F82800D4F88C1020F0E040F2
:105D200000250843C8F8280037462078400631D5BA
:105D3000D4F898004FEAB02005280FD8DFE800F02B
:105D400004140804040400BF2E46ADB918E000BFD7
:105D500004F12800022102F0FBFA0AE001250126E5
:105D6000207800061AD44EE004F10800002102F069
:105D70005BFA05462E461DB1207800060ED442E09F
:105D8000D8F82C00D4F8981020F4E05000250843EF
:105D9000C8F82C003E462078000634D5D4F89C0084
:105DA0004FEA7030052815D8DFE800F0041A0E0419
:105DB000040400BF2F46E5B12068010727D4C106BF
:105DC0003ED4000355D477E004F12800022102F00C
:105DD000BFFA0AE00125012720680107EFD516E088
:105DE00004F10800002102F01FFA0546002D2F469D
:105DF000E2D1D8F82C00D4F89C1020F460400025A3
:105E00000843C8F82C00374620680107D7D5D4F8D6
:105E10008000B0F5805F09D104F12800022102F072
:105E200097FA002818BF0127D4F88000D8F8281066
:105E300021F440510843C8F828002068C106C0D5A5
:105E4000D4F89400B0F5807F09D104F12800022134
:105E500002F07EFA002818BF0127D4F89400D8F881
:105E60002C1021F440710843C8F82C00206800036E
:105E700022D5D4F8A000B0F5003F11D0B0F5803F96
:105E800008D0002844D104F10800002102F0CCF928
:105E900005E000BF04F12800022102F059FA05468E
:105EA0002E4655B9D8F82C00D4F8A01020F4403074
:105EB00000250843C8F82C003E46A07840072CD5A2
:105EC000D4F88400B0F5401F0BD0B0F5001F0BD004
:105ED000B0F5801F2AD1D8F8000040F40030C8F88F
:105EE00000002F46D5B907E004F12800012102F097
:105EF0002FFA05462F468DB9D8F82800D4F884101B
:105F000020F4401000250843C8F8280005E000BF31
:105F100001250126A0784007D2D43746A078C007D3
:105F200009D13E462168880015D532E001250127B8
:105F3000A078C007F5D0206DB0F5803F10D018BB19
:105F4000D8F8000040F40030C8F800002E4685B1B3
:105F5000216888001DD460688A0326D465E000BFEC
:105F600004F10800022102F05FF90546002D2E46DB
:105F7000EED1D8F82000216D20F4803000250843B0
:105F8000C8F82000CDE700BF012501262168880060
:105F9000E1D504F12800022102F0DAF9002818BF47
:105FA0000126D4E900108A033FD5E26F6FF00103A8
:105FB00003EB3223022B0BD34FEA322343B1012BE5
:105FC00040F0AA80D8F8003043F40033C8F800301D
:105FD00025B3CA022CD48A0234D44A003CD4CA0F56
:105FE00049D1090251D4C1075AD1810763D441076D
:105FF0006CD4010776D4C10600F18080800607D5F5
:1060000004F12800022102F0A3F9002818BF01259D
:10601000002D18BF01252846BDE8F087D8F82830A4
:1060200023F440731A43C8F828203546CA02D2D553
:10603000D8F82420236F22F000421A43C8F8242005
:106040008A02CAD5D8F82420A36E22F080721A439F
:10605000C8F824204A00C2D558F81C2C22F400426B
:1060600048F81C2CD4F8B42058F81C3C1A4348F8C3
:106070001C2CCA0FB5D0D8F82020636D22F04052F6
:106080001A43C8F820200902ADD5D8F82810D4F852
:10609000882021F440011143C8F82810C107A4D07A
:1060A00004F10800002102F0BFF8002818BF0546DF
:1060B000606881079BD504F10800012102F0B4F863
:1060C000002818BF05466068410792D504F1080012
:1060D000022102F0A9F8002818BF054660680107F0
:1060E0007FF589AF04F12800002102F031F9002882
:1060F00018BF05466068C1067FF580AF04F128002F
:10610000012102F025F9002818BF054660688006C5
:106110003FF576AF7CE700BF0125CA027FF55BAF94
:1061200086E700BFD4F8B0004FF6CF7358F81C2CA8
:10613000C0F2FF0300F4407122F47C5203EA101312
:106140006FF31F30B1F5407F08BF1A43002548F8B0
:106150001C2CD8F844100843C8F84400FFF7BBBC17
:106160002DE9F04381B0002800F0208142F20009BF
:106170000446C5F20029D9F8000000F00F0088425B
:106180000DD2D9F8000020F00F000843C9F8000034
:10619000D9F8000000F00F00884240F00781206825
:1061A00044F218464207C5F602060AD5226933684A
:1061B00003F070039A4204D9336823F070031A4342
:1061C000326002070AD56269736803F070039A426D
:1061D00004D9736823F070031A437260C2060AD5AB
:1061E000A269736803F4E0639A4204D9736823F4E4
:1061F000E0631A43726082060AD5E269B36803F06D
:1062000070039A4204D9B36823F070031A43B26052
:1062100010F002020AD0E368376807F00F07BB42AC
:1062200004D9376827F00F073B433360C3073FD0DB
:10623000306820F47062D4E901031A433260012807
:1062400056F8182C0AD0032804D002280AD1920349
:106250000BD4ABE0920108D4A8E000BFD20504D46F
:10626000A4E000BF520740F1A180884656F8081C00
:1062700021F00701084346F8080CFDF7E9FC054644
:1062800041F2883756F8080C616800F03800B0EB2E
:10629000C10F09D0FDF7DCFC401BB842F2D9032046
:1062A00001B0BDE8F08300BF2068414600F0020263
:1062B00052B1E268336803F00F039A4204D23368A4
:1062C00023F00F031A433260D9F8002002F00F02C6
:1062D0008A420CD9D9F8002022F00F020A43C9F8EB
:1062E0000020D9F8002002F00F028A425ED1410757
:1062F0000AD52169326802F07002914204D23268F4
:1063000022F070021143316001070AD56169726899
:1063100002F07002914204D2726822F070021143BE
:106320007160C1060AD5A169726802F4E062914207
:1063300004D2726822F4E0621143716080060AD5CB
:10634000E069B16801F07001884204D2B16821F0BF
:1063500070010843B06000F0B7F831684CF2C80231
:10636000C0F60002C1F30321515C336803F00F0350
:1063700001F01F01D25C20FA01F102F01F0040F28F
:106380000802C2F2004221FA00F0106040F204005C
:1063900040F20402C2F20000C2F200420068116042
:1063A00001B0BDE8F043FDF79FBC00BF012001B084
:1063B000BDE8F0830000000080B500F085F844F2ED
:1063C00018414CF2C803C5F60201C0F600030A6882
:1063D000C2F303229A5C096801F00F0102F01F0268
:1063E000595C20FA02F201F01F0040F20801C2F2EB
:1063F000004122FA00F0086040F20401C2F20041BC
:106400000A6080BD0000000080B500F05DF844F235
:10641000184C4CF2C803C5F6020CC0F60003DCF8B9
:106420000020C2F303229A5CDCF8001001F00F0197
:1064300002F01F02595CD04040F20802C2F2004252
:1064400001F01F0120FA01F1116040F20402C2F2D2
:1064500000421060DCF80400C0F30210185C00F089
:106460001F0021FA00F080BD80B500F02DF844F245
:10647000184C4CF2C803C5F6020CC0F60003DCF859
:106480000020C2F303229A5CDCF8001001F00F0137
:1064900002F01F02595CD04040F20802C2F20042F2
:1064A00001F01F0120FA01F1116040F20402C2F272
:1064B00000421060DCF80400C0F30220185C00F019
:1064C0001F0021FA00F080BD44F20041C5F6020130
:1064D0000869C0F3C200032816D002280ED098BB6A
:1064E0000868800649F20000C0F2D03058BF7047FB
:1064F0000968C1F3C101C840704700BF43F20060A2
:10650000C0F26E10704700BF8A6A886AC0F3051C2B
:10651000C86ABCF1000F4B6B1CD000F00100404278
:1065200000EAD3006FF35F3000EE100A02F00300C0
:106530000228B8EE400A0FD090B90868800613D43C
:106540009FED251A1DE000BF40F60010C0F23D008F
:10655000704700BF002070479FED1E1A11E000BF7A
:106560009FED1B1A0DE000BF086849F20002C0F25F
:10657000D032C0F3C10022FA00F001EE100AB8EEEA
:10658000411A086B9FED153A6FF35F2002EE100A77
:10659000086BC0F34620B8EE422A013000EE032A11
:1065A00000EE10CAB7EE003AB8EE400A81EE000ADB
:1065B00032EE031A20EE010A01EE100AB8EE411A7B
:1065C00080EE010ABCEEC00A10EE100A704700BF50
:1065D0000024744A001BB74B0024744C000000399F
:1065E00070B3F0B581B00446007844F20046C007AD
:1065F000C5F6020626D1207880076AD5306910F0EA
:106600003801B06A42D0182908BF5FEA80703DD0D7
:10661000E0683168002800F02D8121F0190108435D
:106620003060FDF715FB0546306840074AD4FDF79A
:106630000FFB401B0228F7D9032001B0F0BD00BFBB
:1066400001207047306900F03801B06A102905D088
:1066500018290BD100F00300022807D1306880030D
:10666000C9D560680028C6D1AAE000BF616830685B
:10667000002900F03981B1F5A02F00F02D81B1F58E
:10668000803F40F0478140F4803049E13068400766
:10669000E06802D5002800F09380316821F01901EC
:1066A00008433060FDF7D4FA054600BF3068400764
:1066B00008D4FDF7CDFA401B02284FF00300F5D9AE
:1066C00001B0F0BD7068216920F0FE4040EA016031
:1066D00070602078C0061AD5306900F03801B06AC1
:1066E000082907D0182940F0858000F00300012810
:1066F00040F080803068C00502D5E06980285FD115
:10670000F068216A20F07C5040EA0160F060207857
:1067100000073FD42078800656D42078400700F147
:106720008180656A9DB3306900F03800182840F018
:106730001981012DB16A306B42D001F00302A36AC6
:106740009A423DD1C1F30511E26A914238D1014626
:10675000226B6FF35F21013A914231D1C0F346229F
:10676000616B01398A422BD1C0F30642A16B01391A
:106770008A4225D1C0F30660E16B013988421FD1FE
:10678000706BA16CC0F3CC00814240F0A581002069
:1067900001B0F0BD60690028706F59D040F0010071
:1067A0007067FDF755FA0546706F8007B2D4FDF7A4
:1067B0004FFA401B0228F7D9032001B0F0BD00BFFB
:1067C000012001B0F0BD00BFA0690028306871D081
:1067D00040F480503060FDF73BFA05463068800495
:1067E0009BD4FDF735FA401B0228F7D9032001B0EE
:1067F000F0BD00BFE0690028306800F0A18040F0E3
:1068000080003060FDF724FA054600BF3068C005FF
:106810003FF576AFFDF71CFA401B02284FF003004E
:10682000F4D94DE7D6F8000440F48070C6F80004AF
:10683000FDF70EFA054600BFD6F80004C0052BD4BC
:10684000FDF706FA401B6428F6D9032001B0F0BD1D
:1068500020F001007067FDF7FBF90546706F8007B7
:106860007FF558AFFDF7F4F9401B02284FF0030005
:10687000F4D925E721F001003060FDF7E9F905467C
:10688000306840077FF525AFFDF7E2F9401B02288D
:106890004FF00300F4D913E7A168306F002900F02E
:1068A0008B80052900F08080012940F09D8040F018
:1068B00001009FE020F480503060FDF7C9F90546E3
:1068C000306880047FF529AFFDF7C2F9401B02282C
:1068D0004FF00300F4D9F3E640F4802030603068D4
:1068E00040F480301CE000BF20F48030306030681D
:1068F00020F480203060FDF7ABF905463068800356
:106900007FF579AEFDF7A4F9401B64284FF0030032
:10691000F4D9D5E620F480303060306820F480204F
:106920003060FDF795F90546306880033FF563AEAA
:10693000FDF78EF9401B6428F6D9032001B0F0BDA5
:1069400020F080003060FDF783F905463068C0050F
:106950007FF5DDAEFDF77CF9401B02284FF0030008
:10696000F4D9ADE6306820F080703060FDF770F942
:10697000022D05460CD100BF306880014CD5FDF7D3
:1069800067F9401B02284FF00300F5D998E600BFD5
:10699000306880017FF5FBAEFDF75AF9401B0228F5
:1069A0004FF00300F4D98BE640F004003067306FFD
:1069B00040F001001EE000BF20F001003067306FA2
:1069C00020F004003067FDF743F9054641F28837AF
:1069D000306F80077FF5A5AEFDF73AF9401BB8424E
:1069E0004FF00300F4D96BE620F001003067306F00
:1069F00020F004003067FDF72BF9054641F2883797
:106A0000306F80073FF58DAEFDF722F9401BB8428D
:106A10004FF00300F4D953E604F12807B06A40F2BE
:106A2000F33188438ECF0843591E40EA02104FF4D9
:106A30007E426FF35F21B06202EB47204FF4FE020B
:106A400080B2E36B0844A16B02EB01414FF0FE42C0
:106A500001F4FE0102EB0362084402F0FE41084427
:106A60003063F06A4FF6F87120F00100F062706B4D
:106A7000A26C884340EAC2007063F06A216C20F087
:106A80000C000843F062F06A616C20F002000843D9
:106A9000F062F06A40F48030F062F06A40F4003056
:106AA000F062F06A40F48020F062F06A40F0010089
:106AB000F062306840F080703060FDF7C9F804463D
:106AC000306880013FF563AEFDF7C2F8001B022875
:106AD0004FF00300F4D9F3E5F06A20F00100F06212
:106AE000FDF7B6F80546FDF7B3F8A842FBD0706B8A
:106AF0004FF6F871A26C884340EAC2007063F06AF6
:106B000040F00100F062002001B0F0BD0000000084
:106B100000284DD02DE9F04F81B043F60004016804
:106B2000C4F2000443F2000E43F6004CA142C4F24A
:106B3000010EC4F2000C4FF00002826203D06145E6
:106B400018BF714542D1C26B0125C368A14203F150
:106B5000080305EB52124FEAD30303FB02F218BFFE
:106B6000714527D1102A34D890F8811031B900210D
:106B700080F88010044600F0ABF82046022180F82F
:106B80008110D0E90019D0F818800D68B8F1806F35
:106B900025F001050D608D6805F4F81E26D1B9F1C8
:106BA000000F1BD0B9F5800F20D1856B25BB19E0F4
:106BB00001207047614518BF082A0AD80CF57443B4
:106BC0009942CFD06145CDD0CEE700BFC2680F2A31
:106BD000B9D9012001B0BDE8F08F00BF856BB5F1D8
:106BE000805F06D10D6845F480550D605FEA492548
:106BF00002D44FF0010C0FE0C468072C0AD30D68D3
:106C000025F4807C056D45EA0C050D604FF0000C05
:106C100007E000BF4FF0000C0C6824F480740C6097
:106C2000C468C769836A47EA0E07C26B3B4387683B
:106C30001A43B9F1000FD0E904BA42EA04028A60AB
:106C4000426B856B436A42EA0302036A42EA050229
:106C500042EA0B0242EA0A02D0E9126442EA030263
:106C6000836D42EA040242EA070242EA060242EA6D
:106C7000030242EA080242EA0902CA600ED00A6D23
:106C8000BCF1000F22F001020A6515D1CA68436DFC
:106C900022F000421A43CA600EE000BF8A68012356
:106CA00063F3CC228A608A68022363F34A228A60F3
:106CB0000A6D22F001020A650021C0F8841001214A
:106CC00080F88110002001B0BDE8F08F00000000C6
:106CD0002DE9F041B6B0044602A80830B0210025E5
:106CE0003195CDE93455CDE93255F9F743FB43F2FF
:106CF00000012068C4F20101884203D036B0BDE82B
:106D0000F08100BF4FF48050029002A80395FEF777
:106D1000E7FC08B1F9F718FD44F2E04040F2004406
:106D2000C5F60200C5F6020431AD4FF00208016954
:106D3000002741F4805101610169052601F4805169
:106D400001910199016841F008010160016801F0B9
:106D5000080101910199016841F002010160006898
:106D6000294600F00200019001988020319004F53E
:106D70000060CDF8C880CDE933773596FCF78CFEFE
:106D800008202946CDE9310820463596CDE93377EC
:106D9000FCF782FE36B0BDE8F08100000000000084
:106DA0004EF210010428CEF200010A6822F004021B
:106DB00008BF04320A607047411E0020B0EB116F1B
:106DC00002D00120704700BF4EF21002F023CEF235
:106DD000000251604EF62351CEF200010B700721E4
:106DE00090601160704700007047000000000000D4
:106DF0007047000000000000704700000000000025
:106E000090F83C20012A4FF0020266D0B0B580F81D
:106E10003D2040F2004C0268C4F2010C42F4806351
:106E200063455368D2F808E002BF23F470034C684E
:106E300023434DF6FF740D68C4F2000423F0700381
:106E4000A24243EA0503536014DC40F2FF73C4F22C
:106E500000039A4222DD40F60003C4F200039A4286
:106E60002ED040F60043C4F200039A4228D041F6E7
:106E7000000321E04FF6FF73C4F200039A4213DDD2
:106E80000023C4F201039A421AD044F20003C4F270
:106E900001039A4214D0624512D016E0B2F1804F3D
:106EA0000ED040F2004307E04EF20003C4F20003AC
:106EB0009A4205D04EF20043C4F200039A4204D134
:106EC0002EF080038968194391600022012180F827
:106ED0003D1080F83C20BDE8B040104670470000EF
:106EE00060B310B5044690F83D0028B9002084F83E
:106EF0003C00204600F024F8022084F83D00206881
:106F0000211D01F089FB012084F8480084F83E002F
:106F100084F83F0084F8400084F8410084F842007F
:106F200084F8430084F8440084F8450084F846005F
:106F300084F8470084F83D00002010BD0120704710
:106F400040F200410068C4F20001884218BF704757
:106F500080B582B044F2E8400022C5F60200016824
:106F600041F0020101600068012100F0020001907F
:106F700001981D20FCF754FF1D2002B0BDE88040A1
:106F8000FCF73ABF0000000090F83D10012927D11E
:106F9000022180F83D1001684DF6FF70C4F2000038
:106FA0008142C86840F00100C8601BDC40F2FF70FD
:106FB000C4F2000081422DDD40F60000C4F2000062
:106FC00081423DD040F60040C4F20000814237D0FB
:106FD00041F60000C4F20000814231D03CE000BF25
:106FE000012070474FF6FF70C4F2000081421BDDA4
:106FF0000020C4F20100814222D044F20000C4F219
:10700000010081421CD040F20040C4F201008142E4
:1070100016D021E0B1F1804F12D040F20040C4F20E
:10702000000081420CD017E04EF20000C4F20000D4
:10703000814205D04EF20040C4F2000081420BD1E3
:1070400007228868C0F2010202400020062A18BF09
:10705000B2F5803F00D17047086840F00100086039
:10706000002070470000000090F83C20012A4FF0FB
:10707000020200F0AA8080B580F83D208822D0F876
:1070800000C0CFF6CE72DCF808301A40CCF80820E9
:107090000B686F2B0EDDB3F1101F37DAB3F5005F0D
:1070A0006EDA702B00F0B680B3F5805F00F084805C
:1070B000D8E000BF2F2B33DD4F2B39DC302B6FD0C6
:1070C000402B40F0CF80D1F804E0C968DCF82030D4
:1070D000DCF8202022F00102CCF82020DCF8182077
:1070E00022F0F00242EA011123F00A02CCF8181053
:1070F00042EA0E01CCF820104FF68872DCF8081036
:10710000CFF6CF721140473154E000BF2F21C0F2BB
:1071100010018B423ADCB3F1101F41D020213BE03B
:10712000002B18BF102B3BD0202B39D09AE000BF8A
:10713000502B4DD0602B40F09580D1F804E0C96809
:10714000DCF8203023F01003CCF82030DCF81830C5
:10715000DCF8202023F4704322F0A00243EA01313E
:10716000CCF8181042EA0E11CCF820104FF68872B5
:10717000DCF80810CFF6CF72114067311AE000BF7B
:107180005CD0B3F5801F0BD06CE000BF3021C0F2A3
:1071900010018B4204D04021C0F210018B4261D11A
:1071A0004FF68872DCF80810CFF6CF721140194301
:1071B00041F00701CCF808100022012180F83D10B1
:1071C000002180F83C10BDE880401046704700BFA9
:1071D000D1F804E0C968DCF82030DCF8202022F087
:1071E0000102CCF82020DCF8182022F0F00242EA5C
:1071F000011123F00A02CCF8181042EA0E01CCF873
:1072000020104FF68872DCF80810CFF6CF721140CC
:107210005731CFE701F1040E9EE80C40DCF808106E
:107220001A4321F47F4142EA0E221143CCF80810A0
:10723000DCF8081041F07701BCE700BF01F1040E53
:107240009EE80C40DCF808101A4321F47F4142EA22
:107250000E221143CCF80810DCF8081041F48041EC
:10726000A8E700BF0122A8E7704700000000000067
:1072700010B5044600680169890744BFC1685FEA28
:1072800081713FD40169490744BFC1685FEA417118
:1072900044D40169090744BFC1685FEA01714BD456
:1072A0000169C90644BFC1685FEAC16150D4016980
:1072B000C9071CBFC1685FEAC17157D101690906DE
:1072C00044BFC1685FEA016158D40169C90544BF80
:1072D000C1685FEA016159D40169490644BFC168C8
:1072E0005FEA41615AD40169890646BFC1685FEA15
:1072F000816110BD6FF0200101612046BDE81040A2
:10730000FFF77ABD6FF002010161012121778069E9
:1073100080074BD02046FFF7A7FF4DE06FF0040138
:10732000016102212177806910F4407F48D0204616
:10733000FFF79AFF4AE000BF6FF0080101610421E6
:107340002177C069800745D02046FFF78DFF47E0D1
:107350006FF01001016108212177C06910F4407FAE
:1073600042D02046FFF780FF44E000BF6FF00101EC
:107370000161204600F04CF820689FE76FF0800123
:1073800001612046FFF734FD20689EE76FF48071AD
:1073900001612046FFF728FD20689DE76FF040015E
:1073A0000161204600F040F820689CE7204600F08C
:1073B00027F8204600F028F800202077206861E7B1
:1073C000204600F01DF8204600F01EF8002020772F
:1073D00020685EE7204600F013F8204600F014F81D
:1073E0000020207720685BE7204600F009F820465F
:1073F00000F00AF800202077206858E7000000001D
:10740000704700000000000070470000000000000E
:1074100040F200410068C4F20001884218BF704782
:10742000F9F7AAB900000000704700000000000052
:1074300090F88410012901D1022070472421C0F85E
:10744000881001680A680B6822F0005223F00103DB
:107450000B60002343660A602021C0F8881080F882
:1074600084300020704700007047000000000000DA
:10747000704700000000000090F88420012A01D12C
:107480000220704770B52422C0F888200268D0F826
:1074900064E0BEF1000FD2F800C0136823F00103CE
:1074A0001360936823F0606341EA0301916019D08F
:1074B00091684CF21C1E9368C0F6000E5B0F4CF2F4
:1074C0002415C1F34266C0F600051EF80340E95CCE
:1074D0002301B3FBF1F11EF80630AE5D1B01B3FBD7
:1074E000F6F301E001210123A0F86A102021A0F8A1
:1074F0006830C2F800C0C0F88810002180F88410FD
:10750000002070BD0000000090F88420012A01D105
:107510000220704770B52422C0F888200268D0F895
:1075200064E0BEF1000FD2F800C0136823F001033D
:107530001360936823F0604341EA0301916019D01E
:1075400091684CF21C1E9368C0F6000E5B0F4CF263
:107550002415C1F34266C0F600051EF80340E95C3D
:107560002301B3FBF1F11EF80630AE5D1B01B3FB46
:10757000F6F301E001210123A0F86A102021A0F810
:107580006830C2F800C0C0F88810002180F884106C
:10759000002070BD000000007047000000000000E7
:1075A000704700000000000070470000000000006D
:1075B00070B5016840F62F02CB691A40202A0A688C
:1075C0008E680BD102F0200406F080552D1917D0DB
:1075D000416F69B3BDE87040084700BF40F60F0532
:1075E0002B420DD0012540F22014C1F20005C0F25B
:1075F000004406EA050C02EA040515EB0C0525D14A
:10760000DD06C46E16D5012C14D112F0100511D070
:1076100010220A628968490666D4B0F85C10B0F896
:107620005E20B0F85E30002B18BF914240F05C82C3
:1076300070BD00BFDD0215D516F4800512D04FF4E1
:1076400080120A62BDE87040FFF7AABFDD0718BFCD
:1076500012F4807540F01E819D0706F0010E00F1C6
:1076600025812EE1190606D502F0800106F40006F8
:10767000891940F0BF82590640F1008112F04001A3
:1076800000F0FC80016851E8001F026821F0400111
:1076900042E80013F3B1016851E8001F026821F0CD
:1076A000400142E80013002B1FBF016851E8001F92
:1076B000026821F040011CBF42E80013002B09D0F2
:1076C000016851E8001F026821F0400142E8001300
:1076D000002BD7D12021C0F8881000218167BDE898
:1076E000704000F045BB00BFD0F880100A685268B7
:1076F00093B2002B9CD0B0F85C60B34298D2A0F853
:107700005E20C969B1F5807F00F0AC80016851E866
:10771000001F026821F4807142E80013F3B1016890
:1077200051E8001F026821F4807142E80013002B29
:107730001FBF016851E8001F026821F480711CBF5F
:1077400042E80013002B09D0016851E8001F0268CD
:1077500021F4807142E80013002BD7D1016851E871
:10776000021F026821F0010142E80213F3B101682F
:1077700051E8021F026821F0010142E80213002BC8
:107780001FBF016851E8021F026821F001011CBF00
:1077900042E80213002B09D0016851E8021F026879
:1077A00021F0010142E80213002BD7D1016851E812
:1077B000021F026821F0400142E80213F3B10168A0
:1077C00051E8021F026821F0400142E80213002B39
:1077D0001FBF016851E8021F026821F040011CBF71
:1077E00042E80213002B09D0016851E8021F026829
:1077F00021F0400142E80213002BD7D12021C0F82C
:107800008C100021C166016851E8001F026821F058
:10781000100142E80013F3B1016851E8001F02684B
:1078200021F0100142E80013002B1FBF016851E84E
:10783000001F026821F010011CBF42E80013002B5A
:1078400009D0016851E8001F026821F0100142E8E8
:107850000013002BD7D1D0F8801004460846F9F762
:10786000ABFE204602210167B0F85C10B0F85E2044
:10787000891A89B2BDE87040FFF7F6BD190240F1E0
:10788000C58112F0804100F0C181BDE87040FFF772
:1078900083BE00BF01250D62D0F8905045F0010570
:1078A000C0F890509D0706F0010E0AD5BEF1000FFA
:1078B00007D002240C62D0F8904044F00404C0F8D1
:1078C00090405C070AD5BEF1000F07D004250D6279
:1078D000D0F8905045F00205C0F890501D070CD527
:1078E00002F0200555EA0C0507D008250D62D0F8F6
:1078F000905045F00805C0F890501D050BD512F0CA
:10790000806508D04FF400650D62D0F8905045F0C6
:107910002005C0F89050D0F89050002D3FF488AE6C
:107920009B060BD502F0200206F08053D21805D03A
:10793000426F1AB10446904720462168D0F8902043
:10794000896801F0400102F02802891806D1044636
:10795000FFF72AFE0020C4F8900070BD016851E8CE
:10796000001F026821F4907142E80013F3B101682E
:1079700051E8001F026821F4907142E80013002BC7
:107980001FBF016851E8001F026821F490711CBFFD
:1079900042E80013002B09D0016851E8001F02687B
:1079A00021F4907142E80013002BD7D14FF6FE71FD
:1079B000CEF6FF71026852E8022F03680A4043E8DE
:1079C0000226DEB1026852E8022F03680A4043E84B
:1079D0000226002E1FBF026852E8022F03680A40E9
:1079E0001CBF43E80226002E08D0026852E8022F8E
:1079F00003680A4043E80226002EDBD1C16E01294C
:107A000027D1016851E8001F026821F0100142E807
:107A10000013F3B1016851E8001F026821F0100162
:107A200042E80013002B1FBF016851E8001F0268E5
:107A300021F010011CBF42E80013002B09D001689F
:107A400051E8001F026821F0100142E80013002BEA
:107A5000D7D12021C0F88C100021C166026841678F
:107A60009168490640F1CE80016851E8021F026822
:107A700021F0400142E80213F3B1016851E8021F0E
:107A8000026821F0400142E80213002B1FBF016889
:107A900051E8021F026821F040011CBF42E80213B6
:107AA000002B09D0016851E8021F026821F0400153
:107AB00042E80213002BD7D1D0F88010002900F043
:107AC000A18048F6F11204460846C0F600020A6595
:107AD000FAF706F800283FF4ABADD4F88000016D4A
:107AE000BDE87040084700BF891A026852E8002FBD
:107AF000036822F4907243E80026F6B1026852E867
:107B0000002F036822F4907243E80026002E1FBF66
:107B1000026852E8002F036822F490721CBF43E809
:107B20000026002E09D0026852E8002F036822F4D4
:107B3000907243E80026002ED7D14FF6FE72CEF6A3
:107B4000FF72036853E8023F0668134046E80235B7
:107B5000DDB1036853E8023F0668134046E802358A
:107B6000002D1FBF036853E8023F066813401CBF87
:107B700046E80235002D08D0036853E8023F066846
:107B8000134046E80235002DDBD12022C0F88C20BE
:107B90000022C2664267026852E8002F036822F0A2
:107BA000100243E80026F6B1026852E8002F03688D
:107BB00022F0100243E80026002E1FBF026852E8A0
:107BC000002F036822F010021CBF43E80026002E9D
:107BD00009D0026852E8002F036822F0100243E83F
:107BE0000026002ED7D189B202220267BDE870407C
:107BF000FFF73ABC816F00293FF41AADBDE8704031
:107C0000084700BFBDE87040FFF7CEBCD9017FF543
:107C10000FADB2F1FF3FC8BF70BDBDE87040FFF7C8
:107C200027BC00000000000010B5A8B10446D0F841
:107C3000880028B9002084F88400204600F028F845
:107C40002420C4F888002068016821F00101016047
:107C5000204600F0D5FE08B1012010BDA06A10B189
:107C6000204600F09DFD2068416821F4904141606C
:107C7000816821F02A018160016841F00101016001
:107C80002046BDE8104000F0FBBD000000000000F1
:107C900070B5B6B0044602A80830B0210025319571
:107CA000CDE93455CDE93255F8F764FB47F60001CC
:107CB0002068C4F20001884202D036B070BD00BF17
:107CC00002A8039502250295FDF70AFD08B1F8F711
:107CD0003BFD44F2E0400026C5F60200816841F019
:107CE00080418160816801F08041019101990168C2
:107CF00041F010010160006831A900F0100001900E
:107D000001984FF4C070CDE931050720359041F25C
:107D10000000C5F60200CDE93366FBF7BDFE40F674
:107D200000652820C2F20005C4F20200286050203D
:107D300068604020C5E902064FF48060AE61C5E985
:107D400004064FF480706E62C5E907062846FAF70C
:107D50002FFC08B1F8F7F8FC522000210022E5675B
:107D6000AC63FCF75DF85220FCF746F836B070BD06
:107D70007047000000000000FEE700000000000067
:107D800010B58CB06846242100240B94CDE9094439
:107D9000F8F7F0FA40F6643042F20001C2F2004017
:107DA000C4F20201032201604FF41011C0E9011472
:107DB000042180F82040C0E904414FF48071018320
:107DC0000121C161C0E90A440263C0E90F4480F89F
:107DD00044408164F9F7F4F908B1F8F7B5FC40F6CE
:107DE000643009A9C2F200400994F8F709FF08B10C
:107DF000F8F7AAFC002040F2FF71C4F6B8700090BA
:107E00000620019004200290CDE903100020059087
:107E10008DF8210040F66430C2F200406946F8F760
:107E200047FF08B1F8F790FC0CB010BD000000004F
:107E300080B582B044F2D8400022C5F60200016845
:107E400041F0010101600068002100F00100019093
:107E500001980B20FBF7E4FF0B20FBF7CDFF0C2074
:107E600000210022FBF7DCFF0C2002B0BDE88040BF
:107E7000FBF7C2BF0000000080B540F64C404AF25C
:107E80000001C2F20040C4F2000101221823016087
:107E90000021C0E9021102828174C0E90532022387
:107EA000C163C0E90733C0E90922C0E90B22C0E978
:107EB0000D12202202640423C0E91131C0E91331FC
:107EC000C0E91531C0E91712C0E91913FBF728FB07
:107ED000002808BF80BDBDE88040F8F735BC000031
:107EE0002DE9F04F87B044F2E0400025C5F60200CE
:107EF0000695CDE90455CDE90255016841F2000827
:107F000041F0040101600168C5F6020801F00401B6
:107F100001910199016841F0800101600168A8F5B3
:107F2000006401F0800101910199016841F00101B3
:107F300001600168002201F00101019101990168CD
:107F400041F01001016001684FF4404601F010015A
:107F500001910199016841F002010160016801F09D
:107F6000020101910199016841F008010160006876
:107F70004FF4404100F00800019001982046FBF7C3
:107F80005FFE4FF4204100224046FBF759FEA8F562
:107F900040694FF4406100224846FBF751FEA8F5C6
:107FA000806A4FF48061002250464FF4806BFBF7EB
:107FB00047FE02AF20463946029601260595CDE9D7
:107FC0000365FBF769FD4FF400703946CDE9020502
:107FD00040460495FBF760FD4FF420403946CDE95B
:107FE00002064046CDE90455FBF756FD4FF44060CC
:107FF0003946CDE902064846CDE90455FBF74CFD6C
:1080000050463946CDE902B6CDE90455FBF744FDAB
:1080100003200590A8F580503946CDE90266049505
:10802000FBF73AFD07B0BDE8F08F0000000000004C
:1080300010B541F2843443F20000C2F20004C4F2ED
:1080400001004FF0806120604FF4800060604FF4C9
:108050000030A0600720E0604FF000702061002039
:108060006061A1614FF00051C4E90710C4E9090043
:10807000E0624FF08040606304F138002421F8F79B
:1080800079F92046FEF744FD002808BF10BDBDE881
:108090001040F8F759BB000080B588B041F20C40A1
:1080A00040F20042C2F2000000210791C4F2000237
:1080B000CDE905110291026040F2DF12C0E9012111
:1080C00042F20F728161C0E90321FEF709FF08B196
:1080D000F8F73AFB4FF48050049041F20C4004A9A9
:1080E000C2F20000FEF7C0FF08B1F8F72DFB002038
:1080F0000190039041F20C40C2F2000001A9FEF78A
:108100007FFE08B1F8F720FB08B080BD000000003A
:1081100080B541F2584047F60001C2F20000C4F2B7
:1081200000010C2201604FF4E13141600021C0E9FF
:1081300002110161C0E90521C0E90711C0E9091177
:10814000FFF772FD08B1F8F7FFFA41F2584000213D
:10815000C2F20000FFF7D8F908B1F8F7F5FA41F2DA
:1081600058400021C2F20000FFF786F908B1F8F785
:10817000EBFA41F25840C2F20000FFF759F900282B
:1081800008BF80BDBDE88040F8F7DEBA00000000FF
:1081900080B540F6243040F24C01C2F20000C2F239
:1081A0000041012201F0A8FC08B1F8F7CDFA40F631
:1081B000243040F20801C2F20000C2F2000101F0D6
:1081C0001FFF08B1F8F7C0FA40F6243040F29001E2
:1081D000C2F20000C2F2000101F08EF908B1F8F716
:1081E000B3FA40F62430C2F2000001F035FF08B1C6
:1081F000F8F7AAFABDE88040FCF79ABE000000003C
:10820000FEE7000000000000FEE7000000000000A4
:1082100040F67860C2F20000FBF7FABF00000000F1
:108220007047000000000000F0B581B044F22C4718
:10823000C5F6020757F8042C02F00302032A03D103
:10824000012001B0F0BD00BF054657F82C0C0C46CC
:1082500020F0806047F82C0CFBF7FAFC064600BFC4
:1082600057F82C0C000105D5FBF7F2FC801B022807
:10827000F6D964E057F8040CEE6895E80E0020F497
:108280007C30012C40EA0130A2F101016FF35F2143
:108290004FF47E4202EB432247F8040C92B24FF0B7
:1082A000FE4302EB01004FF4FE012A6901EB064197
:1082B00001F4FE0103EB0262084402F0FE410844AF
:1082C000F8603868696920F0C00040EA0100386051
:1082D0003868A96920F0200040EA01003860386859
:1082E0004FF6F87120F0100038603869EA6920EA2A
:1082F00001004FF4001140EAC2003861386808BF3D
:108300004FF4801140F01000002C386008BF4FF48B
:10831000002138680843386057F82C0C40F0806022
:1083200047F82C0CFBF794FC044600BF57F82C0CC4
:10833000000107D4FBF78CFC001B0328F6D30320B5
:1083400001B0F0BD002001B0F0BD00000000000051
:10835000F0B581B044F22C47C5F6020757F8042C5B
:1083600002F00302032A03D1012001B0F0BD00BFD7
:10837000054657F82C0C0C4620F0805047F82C0C82
:10838000FBF766FC064600BF57F82C0C800005D5AD
:10839000FBF75EFC801B0228F6D964E057F8040C5A
:1083A000EE6895E80E0020F07C70012C40EA015048
:1083B000A2F101016FF35F214FF47E4202EB4322F1
:1083C00047F8040C92B24FF0FE4302EB01004FF469
:1083D000FE012A6901EB064101F4FE0103EB026292
:1083E000084402F0FE41084478613868696920F465
:1083F000406040EA010038603868A96920F40070E4
:1084000040EA0100386038684FF6F87120F4807057
:108410003860B869EA6920EA01004FF0807140EAEB
:10842000C200B861386808BF4FF4000140F48070A2
:10843000002C386008BF4FF480013868084338606A
:1084400057F82C0C40F0805047F82C0CFBF700FC40
:10845000044600BF57F82C0C800007D4FBF7F8FB4C
:10846000001B0328F6D3032001B0F0BD002001B0AB
:10847000F0BD000000000000704700000000000098
:10848000FBF7EEBB00000000B0B59CB044F618044A
:1084900009A84C21C5F60204F7F76CFF022000255D
:1084A000CDE90755CDE90555CDE90355CDE9015590
:1084B000FCF716FD0095206820F4404020602068FD
:1084C00000F44040009000982068800409D420689F
:1084D00080045CBF20685FEA804002D4206880048A
:1084E000F2D5212009904FF480300A9001200F909E
:1084F00002212822CDE9152004201491CDE917018D
:108500000C20199009A80024CDE91211CDE91A44D4
:10851000FEF766F820B1EFF3108072B6FEE700BFF9
:108520003F20019003204FF48061CDE90204082030
:1085300004904020CDE90500CDE9071001A80321F2
:10854000FDF70EFE20B1EFF3108072B6FEE700BF1C
:108550001CB0B0BD000000004EF6885042F2000C86
:10856000CEF20000C5F2002C026842F470020260F4
:10857000DCF8000000F00F00062806D8DCF8000048
:10858000072262F30300CCF8000044F200404EF6EC
:108590007F51C5F60200CEF6F621026842F00102D4
:1085A000026000220261036819400160DCF80010DB
:1085B000090706D5DCF80010072363F30301CCF8A4
:1085C000001040F200218261C261C0F20221026209
:1085D00081620021C0F2FF11C16240F28021C0F22D
:1085E0000111016342638163C263016442640168F3
:1085F00021F480210160026644F20000C5F20020EF
:1086000043F2D2010160704741F20C40C2F2000017
:10861000FEF72EBE0000000040F6FF32C4F200025A
:108620009042026810DCB0F1804F1ED040F200434F
:10863000C4F20003984218D040F60003C4F20003CD
:10864000984212D015E000BF40F60043C4F2000388
:1086500098420AD040F20043C4F20103984204D089
:108660000023C4F20103984203D122F070024B6848
:108670001A434EF2FF3343F6FF7CC4F20003C4F208
:10868000010C984214DD60452CDC4EF20043C4F22C
:108690000003984243D00023C4F2010398423ED025
:1086A00040F20043C4F20103984238D03BE000BFDF
:1086B00040F2FF73C4F20003984227DD40F6000346
:1086C000C4F2000398422AD040F60043C4F20003EB
:1086D000984224D04EF20003C4F2000398421ED008
:1086E00021E000BF44F20003C4F20103984216D017
:1086F00044F60003C4F20103984210D044F2004350
:10870000C4F2010398420AD00DE000BFB0F1804FDF
:1087100005D040F20043C4F20003984203D122F492
:108720004072CB681A4310B522F08002D1F800E005
:108730004C698B6822430260C3626045C0F828E040
:10874000BDE8104014DD44F20002C4F20102904280
:1087500019D044F60002C4F20102904213D044F250
:108760000042C4F2010290420DD0012141617047E4
:108770000022C4F20102904205D040F20042C4F24D
:1087800001029042F1D10969016301214161704701
:1087900041F25840C2F20000FEF70ABF000000009C
:1087A000816ACA070CD18A0715D44A071ED40A0762
:1087B00027D4CA0630D48A0639D44A0642D454E0B3
:1087C0000268D0F82CC0536823F4003343EA0C034A
:1087D00053608A07E9D50268D0F830C0536823F4A3
:1087E000803343EA0C0353604A07E0D50268D0F8AF
:1087F00034C0536823F4802343EA0C0353600A0710
:10880000D7D50268D0F838C0536823F4004343EA50
:108810000C035360CA06CED50268D0F83CC09368FA
:1088200023F4805343EA0C0393608A06C5D502689B
:10883000D0F840C0936823F4005343EA0C039360DC
:108840004A0612D50268D0F844C0BCF5801F5368B0
:1088500023F4801343EA0C03536006D1536823F4D6
:10886000C00C836C43EA0C035360090658BF704781
:108870000168C06C4A6822F40022104348607047C7
:10888000B0B582B004460020C4F89000FBF7E0F9D0
:10889000216805460A68120737D54FF400110022F7
:1088A0006FF07E40009020462B4600F0F9FA58B356
:1088B000206850E8000F216820F0800041E80002A5
:1088C000002A1FBF206850E8000F216820F08000B8
:1088D0001CBF41E80002002A12D0206850E8000FB7
:1088E000216820F0800041E800024AB1206850E889
:1088F000000F216820F0800041E80002002AD7D153
:108900000320202188226CE02168086840075FD599
:108910004FF4800100226FF07E40009020462B46ED
:1089200000F0BEFA002853D0206850E8000F2168FC
:1089300020F4907041E80002F2B1206850E8000F86
:10894000216820F4907041E80002002A1FBF2068CF
:1089500050E8000F216820F490701CBF41E800022D
:10896000002A09D0206850E8000F216820F4907098
:1089700041E80002002AD7D1206850E8020F2168A0
:1089800020F0010041E80202002A1FBF206850E8E1
:10899000020F216820F001001CBF41E80202002AFA
:1089A00012D0206850E8020F216820F0010041E851
:1089B00002024AB1206850E8020F216820F001004D
:1089C00041E80202002AD7D1032020218C2208E0AE
:1089D0002020C4F88800C4F88C00002170220020F8
:1089E000E166A150002184F8841002B0B0BD0000FF
:1089F000806B0021A0F85E10A0F85610FEF7D4BDE1
:108A0000F0B583B00446006846F6F31640F6004E13
:108A100022696569D4E902130A43E7690168CCF663
:108A2000FF762A4331401143C5F6000E39430160F9
:108A30004168704521F4405144F2544C41EA03012D
:108A40004160A2694FF2FF431CBF216A0A4381685B
:108A5000C1F2FF131940C5F6020C1143816047F6BD
:108A6000FF32C16AC4F2000221F00F01656A904230
:108A70004FF0800341EA0501C16219DD41F2FF7147
:108A8000C4F2010188422DDC47F60041C4F2000126
:108A9000884257D041F20001C4F20101884239D026
:108AA00041F20041C4F20101884233D056E000BFD8
:108AB00044F6FF31C4F20001884237DD44F600413C
:108AC000C4F2000188423DD045F20001C4F2000129
:108AD000884237D047F60001C4F20001884231D005
:108AE0003CE000BF41F60001C4F20101884211D010
:108AF00041F60041C4F2010188420BD070452DD1EE
:108B0000DCF8041001F00702062A27D20FF28831A0
:108B100022E000BFDCF80010C1F3C202062A1DD219
:108B20004CF2A601C0F6000116E000BF44F200417D
:108B3000C4F20001884205D044F60001C4F20001ED
:108B400088420BD1DCF8001001F00702062A05D29A
:108B50004CF2A001C0F600018B181B78704540F65E
:108B60000010C0F23D0000F05380B7F5004F40F018
:108B70007B80402B4FF0010100F28581DFE813F08C
:108B800042002E01830183013601830183018301A9
:108B900042018301830183018301830183018301F6
:108BA0000A0183018301830183018301830183011E
:108BB0008301830183018301830183018301830195
:108BC00048018301830183018301830183018301C0
:108BD0008301830183018301830183018301830175
:108BE0008301830183018301830183018301830165
:108BF0008301830183018301830183018301830155
:108C0000260100BFFDF700FC002840F0008136E19E
:108C10009A1E01211E2A00F27580DFE812F01F0063
:108C2000340187003401340134018D0034013401F2
:108C30003401340134013401340179003401340148
:108C4000340134013401340134013401340134017C
:108C5000340134013401340134019500FCF774F916
:108C6000002840F070800AE1402B4FF0010100F233
:108C70000A81DFE813F04100B70008010801C100D4
:108C8000080108010801E9000801080108010801BC
:108C90000801080108019D000801080108010801F8
:108CA000080108010801080108010801080108017C
:108CB000080108010801EF00080108010801080186
:108CC000080108010801080108010801080108015C
:108CD000080108010801080108010801080108014C
:108CE000080108010801080108010801080108013C
:108CF000080108010801AF00FDF786FB002840F0DD
:108D0000A880BCE0402B40F0BE804FF400401BE048
:108D10005CF8540C800649F20000C0F2D03013D544
:108D20005CF8541CC1F3C101C8400DE06846FCF773
:108D3000BBF9019838B9A2E06846FCF74DFA0198F2
:108D4000002800F09C80656A4CF2F4016268C0F66D
:108D5000000131F81510B0FBF1F002EB420188423E
:108D60004FF00101C0F08F801303984200F28B8016
:108D7000010E0023000210EB520041F10001F7F751
:108D8000C1FA4FF60052A0F54071C0F20F029142B5
:108D900073D377E05CF8540C800649F20000C0F20F
:108DA000D03035D55CF8541CC1F3C101C8402FE068
:108DB0005CF8540C800649F20000C0F2D03049D56E
:108DC0005CF8541CC1F3C101C84043E04FF40040BB
:108DD0001EE000BF4FF400403CE000BFFDF744FB45
:108DE000A8B94CE0FDF740FB98BB48E06846FCF7AB
:108DF0005BF9019858B942E06846FCF755F90198CB
:108E000038BB3CE06846FCF7E7F90198B8B3656AFF
:108E10004CF2F401C0F6000131F81510B0FBF1F08E
:108E200061684A0802EB40004FF6EF72B0FBF1F0C8
:108E3000A0F11001914225D84FF6F0710140C0F326
:108E40004200084419E000BF6846FCF7C5F90198E4
:108E5000A8B1656A4CF2F4016268C0F6000131F80D
:108E60001510B0FBF1F000EB5200B0FBF2F0A0F1F6
:108E700010014FF6EF72914204D82168C8600021BA
:108E800001E000BF01214FF00110A0660020C4E9FD
:108E90001D00084603B0F0BD020408102040000089
:108EA0002DE9F041044600680D46C7693940491B69
:108EB000B1FA81F14909914229D1DDF81880B8F160
:108EC000000F27D0164618F1010129D1C1692940A8
:108ED000491BB1FA81F14909B14218D1C169294050
:108EE000491BB1FA81F14909B14201BFC169294069
:108EF000491BB1FA81F104BF4909B14207D1C169E7
:108F00002940491BB1FA81F14909B142DED0002064
:108F1000BDE8F081FAF79CFE0320BDE8F08100BFB8
:108F20001F4607E0C0692840401BB0FA80F04009A6
:108F3000B042ECD1FAF78CFEC01B404500F296809F
:108F4000206801684907EDD5C169090700F19280E1
:108F5000C1690905E6D54FF400610162206850E857
:108F6000000F216820F4907041E80002F2B12068FF
:108F700050E8000F216820F4907041E80002002AB8
:108F80001FBF206850E8000F216820F490701CBFBC
:108F900041E80002002A09D0206850E8000F21684B
:108FA00020F4907041E80002002AD7D14FF6FE70FD
:108FB000CEF6FF70216851E8021F2268014042E8A6
:108FC0000213DBB1216851E8021F2268014042E828
:108FD0000213002B1FBF216851E8021F22680140C5
:108FE0001CBF42E80213002B08D0216851E8021F81
:108FF0002268014042E80213002BDBD1E06E012819
:1090000027D1206850E8000F216820F0100041E8C7
:109010000002F2B1206850E8000F216820F0100033
:1090200041E80002002A1FBF206850E8000F2168B5
:1090300020F010001CBF41E80002002A09D020687F
:1090400050E8000F216820F0100041E80002002ADB
:10905000D7D12020C4F88C000021E1666167C4F8F4
:109060009000032084F88410BDE8F0810320BDE85F
:10907000F08100BF08210162206850E8000F2168DC
:1090800020F4907041E80002F2B1206850E8000F2F
:10909000216820F4907041E80002002A1FBF206878
:1090A00050E8000F216820F490701CBF41E80002D6
:1090B000002A09D0206850E8000F216820F4907041
:1090C00041E80002002AD7D14FF6FE70CEF6FF70BD
:1090D000216851E8021F2268014042E80213DBB117
:1090E000216851E8021F2268014042E80213002B68
:1090F0001FBF216851E8021F226801401CBF42E8DF
:109100000213002B08D0216851E8021F2268014099
:1091100042E80213002BDBD1E06E012827D1206842
:1091200050E8000F216820F0100041E80002F2B181
:10913000206850E8000F216820F0100041E800028C
:10914000002A1FBF206850E8000F216820F010009F
:109150001CBF41E80002002A09D0206850E8000F37
:10916000216820F0100041E80002002AD7D1202019
:10917000C4F88C000020E06660670821C4F89010F5
:1091800084F884000120BDE8F081000000000000A8
:10919000D0F8D42200EB820CDCF8C02242B3B0B588
:1091A00001F00F0404EB840300EB830E5EF8183F1C
:1091B0005BB1D0F8C85204EBC40405EB8404646CC2
:1091C000B3FBF4F505FB1433A3B10020C2F814027D
:1091D000DCF8C4321B69002B08BFB0BD02F5047C6B
:1091E000D2F808020A46614698470020B0BD00BF89
:1091F0000320704700220023CEF8002000F0E0FE9C
:109200000020B0BD00000000B0B5D0F8D42200EBC3
:109210008202D2F8C0529DB1044600F051FDD4F84C
:10922000D412C5F80C02D5F8040204EB8101D1F880
:10923000C42205F50371D26890470020B0BD00BF7D
:109240000320B0BD0000000070B58121044600F08D
:109250007BFC012120460025258700F075FC82213A
:109260002046A4F8785100F06FFCD4F8D40204F53D
:109270003076E56456F8201089B104EB8000D0F810
:10928000C40240688047D4F8D40256F8200001F0A8
:10929000A3F9D4F8D40246F82050C4F8BC520020F8
:1092A00070BD00000000000010B5D0F8D41200EB33
:1092B0008100D0F8C0428CB1D0F8C41259B194F8F2
:1092C0000002FF2807D094F801228B6821469847B6
:1092D000FF2084F80002002010BD00BF032010BD55
:1092E00040F284010A22C2F200010280084670475F
:1092F000F0B581B040F240070446C2F20007822177
:10930000384600F025FA05460121384600F020FADB
:1093100006468121384600F01BFA002D1CBF1021A3
:10932000A971002E1CBF4021B18000281CBF402124
:10933000818040F240004321C2F20000218001B050
:10934000F0BD000000000000F0B581B040F2400721
:109350000446C2F200078221384600F0F9F90546BA
:109360000121384600F0F4F906468121384600F024
:10937000EFF9002D1CBF1021A971002E1CBF4FF466
:109380000071B18000281CBF4FF40071818040F251
:1093900040004321C2F20000218001B0F0BD000076
:1093A000F0B581B040F240070446C2F200078221C6
:1093B000384600F0CDF905460121384600F0C8F9DD
:1093C00006468121384600F0C3F9002D1CBF10214C
:1093D000A971002E1CBF4021B18000281CBF402174
:1093E000818040F240004321C2F20000218001B0A0
:1093F000F0BD0000000000002DE9F04104464FF4EC
:10940000077001F0EDF800284AD04FF407710546C7
:10941000F6F7B0FFD4F8D402217C4027022204EBF7
:10942000800000294FF081014FF00206C0F8C052C1
:109430002046C4F8BC5208BF4FF400773B4600F00A
:10944000C7FC0121022220463B464FF00108A4F848
:10945000388000F0BDFC1020A4F84E0082210322C9
:1094600008232046A4F8788100F0B2FCD4F8D40296
:109470000027C5F8047204EB8000A4F84C80D0F8F3
:10948000C40200688047C5F81472C5F81872D5F890
:109490000422AAB1207C012160B140230CE000BF6E
:1094A000D4F8D402002104EB8000C0F8C0120220DE
:1094B000BDE8F0814FF40073204600F09DFC0026CB
:1094C0003046BDE8F0810000D0F8D41200EB8101F5
:1094D000D1F8C01271B180B5027C4023002AD1F8C6
:1094E00004224FF0010108BF4FF4007300F084FC28
:1094F000002080BD0320704741B1D0F8D42200EB9A
:109500008200C0F8C4120020704700BF03207047DB
:10951000D0F8D42200EB8200D0F8C00220B1C0F80D
:1095200004120020704700BF0320704700000000B5
:10953000D0F8D43200EB8300D0F8C00230B1C0F8CC
:109540000812C0F810220020704700BF03207047A7
:10955000F0B581B0D0F8D42200EB820300228DF860
:109560000320D3F8C042ADF80020002C60D00D7865
:1095700015F0600218D0202A58D1CA88002A29D0B4
:109580006DB2B5F1FF3F2FDD4978402A84F8001213
:10959000214628BF402284F8012200F0A1F80024CF
:1095A000204601B0F0BD00BF4A780B2A3ED8002407
:1095B000DFE802F008063C3C3C3C3C3C3C3C2A38A2
:1095C000EEE700BF90F89C22032A2FD169460222C1
:1095D00021E000BFD3F8C422487800249368002219
:1095E0009847204601B0F0BDD3F8C4524B780646E8
:1095F0000F46AD6818462146A847FA8830462146EE
:10960000072A28BF072206E090F89C22032A0DD1E2
:109610000DF10301012200F07FF80024204601B083
:10962000F0BD00BF90F89C22032AB9D000F04CF89E
:109630000324204601B0F0BDD0F8D41200EB810124
:10964000D1F8C03243B1D3F8141200294FF0010110
:1096500004D00846704700BF0320704780B5C3F8A8
:1096600014128121D3F80822D3F81032C36200F01B
:10967000A7FC0021BDE880400846704700000000BC
:1096800080B5D0F8B82252689047002818BF032050
:1096900080BD0000000000000020704700000000B6
:1096A000002070470000000080B513460A460021E4
:1096B00000F0A2FB002080BD80B513460A460021C1
:1096C00000F07EFC002080BD10B58021044600F033
:1096D0003FFC00212046BDE8104000F039BC0000EE
:1096E00080B50323C0F894321346C0F858210A46C7
:1096F0000021C0F85C3100F07FFB002080BD00003D
:1097000080B50521C0F8941200210022002300F04A
:1097100073FB002080BD000080B50223C0F89432A6
:10972000134682610A460021C36100F049FC002013
:1097300080BD00000000000080B50421C0F8941234
:1097400000210022002300F03BFC002080BD00002F
:10975000B0F802C003789C4538D980B504E000BF5A
:1097600073449AB2624533D290F800E07044427874
:10977000052A02D182788A4226D073449AB2624581
:1097800026D290F800E070444278052A02D182780F
:109790008A4219D073449AB2624519D290F800E017
:1097A00070444278052A02D182788A420CD07344F0
:1097B0009AB262450CD290F800E070444278052AD3
:1097C000CED182788A42CBD180BD00BF00207047C5
:1097D000002080BD00000000002808BF704710B5C1
:1097E0000378ABB100F1020E4FF0000C1EF8013C03
:1097F00093B19EF800309BB19EF80130A3B19EF862
:1098000002300CF1040C0EF1040E002BEED10DE031
:109810004FF0000C0AE000BF4CF0010C06E000BF66
:109820004CF0020C02E000BF4CF0030C5FFA8CFC21
:10983000022303EB4C0313800B7003224A7003785E
:10984000ABB3023002224FF0000C5FFA82FE51FAF5
:1098500082F401F80E3084F801C010F8013C33B3F3
:10986000941C5FFA84FE51FA84F401F80E3084F8F7
:1098700001C00378002B1FBF141D5FFA84FE51FA4C
:1098800084F401F80E301EBF84F801C04378002B29
:109890000DD0941D08325FFA84FE51FA84F401F869
:1098A0000E3084F801C083780430002BCDD1BDE8A0
:1098B000104070470000000010B540F264140A46E2
:1098C000C2F2004402A02146FFF786FF204610BDE9
:1098D00043444320436F6E66696700000000000048
:1098E00040F26C001222C2F200400A807047000071
:1098F00010B540F264140A46C2F2004402A02146A8
:10990000FFF76AFF204610BD43444320496E74654B
:10991000726661636500000040F280000422C2F2BA
:1099200000400A807047000010B540F264140A46F7
:10993000C2F2004402A02146FFF74EFF204610BDB0
:1099400053544D6963726F656C656374726F6E69B1
:10995000637300000000000010B540F264140A4672
:10996000C2F2004402A02146FFF736FF204610BD98
:1099700053544D3332205669727475616C20436FB5
:109980006D506F72740000004EF60003C1F6F17363
:1099900018689A6812184FF01A00088000F0A58025
:1099A000B0B54FF0370C100F0CEB1271B2F1204F25
:1099B00038BF00F1300140F284005B68C2F30364F9
:1099C000C2F200404FF0000E81701101B1F1204F42
:1099D00080F803E00CEB117538BF04F1300511027B
:1099E00080F805E0C2F3035405710CEB1175B1F179
:1099F000204F38BF04F13005110380F807E0C2F3AF
:109A0000034485710CEB1175B1F1204F38BF04F19F
:109A10003005110480F809E0C2F3033405720CEB41
:109A20001175B1F1204F38BF04F13005110580F8F0
:109A30000BE0C2F3032485720CEB1175B1F1204FDA
:109A400038BF04F13005110680F80DE0C2F30314AD
:109A500005730CEB1175B1F1204F38BF04F13005DF
:109A6000110702F00F0202F137048573B1F1204FA4
:109A700080F80FE038BF02F13004190FB3F1204F26
:109A80000CEB1372047480F811E038BF01F130025E
:109A9000190180F813E08274B1F1204FC3F303621F
:109AA0000CEB117438BF02F13004190280F815E094
:109AB000C3F3035204750CEB1174B1F1204F4FEA5C
:109AC000033138BF02F13004C3F30342B1F1204F38
:109AD0000CEB1173847580F817E038BF02F1300386
:109AE00080F819E00376BDE8B04040F28400C2F28D
:109AF000004070470000000080B10023C0F8B83279
:109B0000C0F8C4320029C0F8D03218BFC0F8B4126F
:109B1000012180F89C12027000F0D6B80320704733
:109B200080B5D0F8C802FAF787FA40F20032C100D7
:109B3000C0F20132032822FA01F188BF0321C8B222
:109B400080BD00000000000080B5D0F8C802FAF720
:109B50004BFA40F20032C100C0F20132032822FA6F
:109B600001F188BF0321C8B280BD000000000000E1
:109B7000B0B589B190F89C22032A51D1D0F8B8220F
:109B80005269002A4CD00023C0F8D43290470028F4
:109B900008BF0020B0BD00BFD0F89412022939D10F
:109BA000D0E9071399420DD9CB1A11461A46C36161
:109BB0000446FFF781FD002100220023204600F02B
:109BC0001BF926E010D182698A420DD3D0F8981291
:109BD0008A4209D20021002200250446FFF76CFDCD
:109BE000C4F89852E7E700BF90F89C12032909D106
:109BF000D0F8B812C96829B10022C0F8D4220446AE
:109C0000884720468021044600F0A2F92046FFF74D
:109C100077FD204690F8A01211B1002180F8A01223
:109C20000020B0BD0000000010B579B190F89C2272
:109C3000032A1DD1D0F8B8229269CAB10023C0F816
:109C4000D4329047002808BF002010BDD0F89412ED
:109C500003290DD1D0E9571399420BD9C91AC0F87D
:109C60005C11994238BF0B4611461A46FFF71CFD9E
:109C7000002010BD90F89C12032909D1D0F8B81229
:109C8000096929B10022C0F8D42204468847204639
:109C9000FFF752FD002010BD0020704700000000BB
:109CA000012180F89C12D0F8B8223AB180B5017930
:109CB00052689047002818BF032080BD00207047DD
:109CC000D0F8C802FAF7E4B90178012935D110B506
:109CD00040F678610922C2F20001C0F8C812C1F84A
:109CE00008050020C4F20400C1E90002022000229D
:109CF000C1E90320C1E9060208464A63C1E9082216
:109D0000C1E90B22FAF754FF08B1F6F71DFD40F642
:109D100078644FF40071C2F200042046FAF7D8F8D4
:109D2000002180222046FAF7D7F801214FF4BA72B9
:109D30002046FAF7D1F8BDE8104000207047000037
:109D400001F07F02D0F8C80201EBC10349B202EB77
:109D5000C202002900EB820200EB830000F27E20A9
:109D600048BF02F13E00007870470000000000008C
:109D7000D0F8D42200EB8202D2F8B82262B190F877
:109D80009C32032B06D1126A22B180B59047002085
:109D900080BD00BF00207047032070470000000016
:109DA000D0F8D42200EB8202D2F8B82262B190F847
:109DB0009C32032B06D1526A22B180B59047002015
:109DC00080BD00BF002070470320704700000000E6
:109DD00080B59446D0F8C8021A466346FAF764F98B
:109DE00040F20032C100C0F20132032822FA01F130
:109DF00088BF0321C8B280BD80B5D0F8C802FAF789
:109E000093F940F20032C100C0F20132032822FA75
:109E100001F188BF0321C8B280BD0000000000002E
:109E2000F0B581B0012680F89C620025C0F89452FC
:109E300004464560D0F8B802C4F8A45284F8A05291
:109E400040B1426832B100212046904705460028C3
:109E500018BF032500210022402320464027FFF79A
:109E6000B7FF8021002240232046A4F86461C4F893
:109E70006071FFF7ADFFA6842846276201B0F0BDF0
:109E800090F89C12042903D190F89D1280F89C123E
:109E9000002070470000000090F89C12032908D1B0
:109EA000D0F8B81229B1C96919B180B58847BDE8A1
:109EB0008040002070470000024600201174704767
:109EC00080B5D0F8C802FAF7AFFF40F20032C10007
:109ED000C0F20132032822FA01F188BF0321C8B27F
:109EE00080BD000000000000B0B500F2AA240546C5
:109EF000204600F079F80121C5F8941295F8AA12CD
:109F0000B5F8B03201F01F02C5F89832022A0FD01E
:109F1000012A07D092B928462146BDE8B04000F09A
:109F20009FB800BF28462146BDE8B04000F018BBEE
:109F300028462146BDE8B04000F05ABA01F0800141
:109F40002846BDE8B04000F003B800000000000063
:109F500080B5D0F8C802FAF703F940F20032C10028
:109F6000C0F20132032822FA01F188BF0321C8B2EE
:109F700080BD00000000000080B5D0F8C802FAF7EC
:109F800073FF40F20032C100C0F20132032822FA0E
:109F900001F188BF0321C8B280BD000000000000AD
:109FA000014690F89C02042803D091F89C0281F8A5
:109FB0009D020020042281F89C22704700000000CE
:109FC00080B5D0F8C802FAF703F940F20032C100B8
:109FD000C0F20132032822FA01F188BF0321C8B27E
:109FE00080BD0000000000000A7802704A784270CC
:109FF0004A8842808A888280C988C1807047000070
:10A0000010B582B004464FF00000ADF80600B9B1BB
:10A01000D4F8D40204F52E72C4F8B81252F8200015
:10A02000C16A21B10DF106008847C4F8D002D4F806
:10A03000D8020130C4F8D802002002B010BD00BF21
:10A04000032002B010BD0000D0F8B82212B112688F
:10A05000104700BF00207047FFF78EBF00000000D0
:10A0600070B582B00A7812F060020FD0402A18BF93
:10A07000202A40F0D580D0F8D42200EB8202D2F81A
:10A08000B822926802B0BDE8704010474A78092AA9
:10A0900000F2C680DFE802F00630C458C4627EC415
:10A0A0001C4200BF90F89C22013A022A00F2B880BC
:10A0B000C988022940F0B480D0F8A41203220029F4
:10A0C000014608BF012241F80C2F02223CE100BFEB
:10A0D000C988012940F0A48090F89C124A1E022AE7
:10A0E00080F0988001460122002441F8084FFFF7D4
:10A0F00013FB204602B070BD90F89C22013A022A60
:10A1000000F28E8049880024012940F09280C0F836
:10A11000A442FFF711FB204602B070BD498840F20F
:10A12000FC05C2F2000511F0FE0F297050D080210D
:10A130000446FFF70DFF00212046FFF709FF032427
:10A14000204602B070BD00BF4A88022A5ED0012AB4
:10A1500040F066800121C0F8A412FCE08A88002A41
:10A160005ED1CA88002A5BD14D887F2D58D890F8DF
:10A170009C12032954D0E9B280F89E520446FFF79E
:10A180009FFE20462646FFF7D7FA002D00F02881D3
:10A19000022026E14A884FF0FF330026ADF8066022
:10A1A00003EB12230E2B00F27D80DFE803F0095D44
:10A1B000457B7B6D797B7B7B7B7B7B7B510000BF11
:10A1C0000D46D0F8B4120446007C0A6847E000BF90
:10A1D00090F89C22032A69D0022A40F08F800A0658
:10A1E00000F0B98001F001024260C9B20546FFF7F4
:10A1F0002BFF002800F0D480044680212846FFF77A
:10A20000A7FE00212846FFF7A3FE70E0497980F8F9
:10A21000A012A0E0032903D1011D012294E000BF98
:10A2200080210546FFF794FE002128460024FFF711
:10A230008FFE204602B070BDD2B2052A32D8DFE8C8
:10A2400002F003C5BDC1B9C9D0F8B422526802E01A
:10A25000D0F8B422D2692AB30446007C0D460DF131
:10A2600006019047014664E00D46017C0446D0F8A3
:10A27000B80200290CBF816AC16A0DF10600884747
:10A280000146022054E000BF027C5AB90446D0F8CF
:10A29000B8020D46416B0DF106008847014648E0C3
:10A2A000027CDAB3802104465EE000BF0A0665D076
:10A2B00001F00102416891424DD0C9B20446FFF756
:10A2C000DFF92978204661602546FFF7BDFE0028AA
:10A2D00000F08480044680212846FFF739FE0021E3
:10A2E0002846FFF735FE29792846FFF7C9F90220ED
:10A2F00085F89C02204602B070BD00BF8021044654
:10A30000FFF726FE00212046FFF722FE297820468F
:10A31000FFF7B6F90324204602B070BD0446D0F81A
:10A32000B8020D46016B0DF1060088470146072073
:10A330004870EA8872B1BDF806309BB1934220465E
:10A3400038BF1A46ADF80620FFF7E6F9002420468C
:10A3500002B070BD2046FFF7EFF90024204602B09E
:10A3600070BD00BF80212046FFF7F2FD002120468E
:10A37000FFF7EEFD0024204602B070BD022280F8F7
:10A380009C2201F001014160002100240546FFF7F5
:10A3900077F92846FFF7D0F9204602B070BD00BF1C
:10A3A0002846FFF7C9F9032085F89C0200242046BF
:10A3B00002B070BDD0F8B42252694CE7D0F8B42294
:10A3C000D26848E7D0F8B422126944E7D0F8B42242
:10A3D000926840E7D0F8B42292693CE72846BAE791
:10A3E000012086F89C020024204602B070BD0000C7
:10A3F00070B50A780D460979044612F060020BD058
:10A40000402A18BF202A3CD12046FFF745F90028F2
:10A4100055D0002070BD00BF687848B3012815D022
:10A4200003282ED194F89C02032813D1688838B9E8
:10A4300011F07F0004D0E88810B92046FFF788FDAE
:10A440002046FFF779F9002070BD00BF94F89C0208
:10A45000032821D0022814D1480612D02046FFF745
:10A4600077FD80212046FFF773FD002070BD00BFFF
:10A4700094F89C0203282FD0022808BF5FEA4160AD
:10A4800052D080212046FFF763FD00212046FFF7D0
:10A490005FFD002070BD00BF68880028B9D10E465E
:10A4A000480603D020463146FFF73AFB2046FFF727
:10A4B00043F920463146FFF7EFF80028A9D1D4F838
:10A4C000B80282680020002AC4F8D402A1D0204635
:10A4D0002946BDE87040104701F00F00802900EBCD
:10A4E000800004EB800003D2B0F8640101E000BFFB
:10A4F000808C0028C5D001F07F0001EB810280290B
:10A5000000EB800004EB800000F1140504EB8200F6
:10A5100038BF00F5AA75480616D02046FFF710FC94
:10A52000002818BF012010E008064FF0140058BFA3
:10A530004FF4AA7000222118225002222046FFF771
:10A54000EBF8002070BD00BF0020286002222046EA
:10A550002946FFF7E1F8002070BD00000000000070
:10A56000B0B50A7812F0600218BF402A10D190F8F6
:10A570009C22013A022A0DD88A8812F0FE0F09D1D6
:10A580000C460546D1B2FFF78BF878B10320B0BD79
:10A59000202AECD080210546FFF7DAFC002128466E
:10A5A0000024FFF7D5FC2046B0BD00BFD5F8B81297
:10A5B0008A68002AEAD028460021C5F8D41221462C
:10A5C0009047E1880446002908BF002CEBD12846BB
:10A5D000FFF7B2F80020B0BD704700000000000097
:10A5E00040F20010C2F200007047000000000000BE
:10A5F00010B50C784A78D0F81CC804F00F034FEA65
:10A60000441E012A18D101229A4000EB0E0342EAAF
:10A610000C02C0F81C28D3F80009000429D403F563
:10A6200010600A7989686FF3DF21036841EA82418B
:10A6300043EA8452114317E04FF4803202FA03F3E5
:10A6400000EB0E0243EA0C03C0F81C38D2F8000BF2
:10A6500000040ED40B7902F5306089686FF3DF21B6
:10A66000026841EA8341114341F0805141F40041C5
:10A670000160002010BD00000146D0F8000940F242
:10A68000FF729043C1F80009D1F80428002042F479
:10A690008072C1F80428704780B582B006990129FC
:10A6A00040F64051C0F2030174D1826BDDF834C032
:10A6B00022F4803282634FF6BF72D0F80CE0CFF6FE
:10A6C000BD72BCF1010F02EA0E02C260C26822F440
:10A6D0004012C26003D1C26842F48012C2600022FC
:10A6E0000092009A01320092009A8A4200F2B280EF
:10A6F0000269002A1ED4009A01320092009A8A420E
:10A7000000F2A8800269002A14D4009A0132009253
:10A71000009A8A4200F29E800269002A0AD4009AB6
:10A7200001320092009A8A4200F294800269B2F1EA
:10A73000FF3FD6DC00220092026942F00102026172
:10A74000009A01320092009A8A4200F283800269E4
:10A75000D2071AD0009A01320092009A8A4279D820
:10A760000269D20711D0009A01320092009A8A42FF
:10A7700070D80269D20708D0009A01320092009A7C
:10A780008A4267D80269D207DAD10021012B40F052
:10A7900080806DE0DDF828C0C26842F04002C260EF
:10A7A00000220192019A01320192019A8A4255D8FF
:10A7B0000269002A1BD4019A01320192019A8A424D
:10A7C0004CD80269002A12D4019A01320192019AEE
:10A7D0008A4243D80269002A09D4019A01320192BF
:10A7E000019A8A423AD80269B2F1FF3FDADC0022CC
:10A7F0000192026942F001020261019A0132019262
:10A80000019A8A422AD80269D2071AD0019A0132E3
:10A810000192019A8A4221D80269D20711D0019A85
:10A8200001320192019A8A4218D80269D20708D0EF
:10A83000019A01320192019A8A420FD80269D20725
:10A84000DBD10021BCF1000F826B0CD142F48032CD
:10A850000BE000BF0321012B1BD109E00321BCF158
:10A86000000F826BF2D022F480328263012B10D170
:10A87000C26D92B2C265C26D42F0007242F0F772D0
:10A88000C265826842F006028260826842F020025D
:10A890008260084602B080BD80B50A7847F6000C99
:10A8A0004B78CEF6334C5101012B014426D1D1F81F
:10A8B00000394FF0010EB3F1FF3F01F5106307DCE3
:10A8C000196841F000611960196841F08041196010
:10A8D00002F00F01D0F83C280EFA01F18A43C0F8CB
:10A8E0003C28D0F81C2822EA0101C0F81C1819687D
:10A8F000002001EA0C01196080BD00BFD1F800EB17
:10A9000001F53063BEF1FF3F0CF1707C4FF4803EE7
:10A91000DEDCD5E7000000000146D0F8000E20F094
:10A920000300C1F8000E0020D1F8042822F0020232
:10A93000C1F80428704700000146D0F8000E20F04E
:10A940000300C1F8000E0020D1F8042842F00202F2
:10A95000C1F80428704700002DE9F04F84B0DDF8FD
:10A9600050E098460F9FBEF1000F00F5006A4FF0CF
:10A970000002C0F80421C0F80821C0F80C21C0F87A
:10A980001021C0F81421C0F81821C0F81C21C0F80B
:10A990002021C0F82421C0F82821C0F82C21C0F8BB
:10A9A0003021C0F83421C0F83821C0F83C2105D04E
:10A9B000836B43F40013836312E000BFD0F80438C4
:10A9C00043F00203C0F80438836B23F4001383635D
:10A9D000036843F040030360036843F080030360AF
:10A9E0000023C0F8003E012FD0F80038C0F800382E
:10A9F00008D10D9FDAF80030002F18BF43F0010393
:10AA000004E000BFDAF8003043F0030340F640559D
:10AA1000DDF840B0C0F20305C0F80038002302930F
:10AA2000029B01330293029BAB4249D80369002B7E
:10AA30001BD4029B01330293029BAB4240D80369B3
:10AA4000002B12D4029B01330293029BAB4237D8F6
:10AA50000369002B09D4029B01330293029BAB4292
:10AA60002ED80369B3F1FF3FDADC002302934FF4E1
:10AA700084630361029B01330293029BAB421FD8A4
:10AA800003699B061AD5029B01330293029BAB42DA
:10AA900016D803699B0611D5029B01330293029BD2
:10AAA000AB420DD803699B0608D5029B0133029384
:10AAB000029BAB4204D803699B06DBD4002400E070
:10AAC000012400230393039B01330393039BAB42B5
:10AAD00048D80369002B1BD4039B01330393039BCA
:10AAE000AB423FD80369002B12D4039B013303937D
:10AAF000039BAB4236D80369002B09D4039B013377
:10AB00000393039BAB422DD80369B3F1FF3FDADC1B
:10AB10000023039310230361039B01330393039BDF
:10AB2000AB421FD80369DB061DD5039B013303939A
:10AB3000039BAB4216D80369DB0614D5039B013394
:10AB40000393039BAB420DD80369DB060BD5039B34
:10AB500001330393039BAB4204D80369DB06DBD4C8
:10AB600001E000BF01244FF000090029CAF810904D
:10AB7000CAF81490CAF81C9000F0088101944FF0B4
:10AB80000065D0F800394E1E4FF67F3205EA1313E8
:10AB9000C0F80039C0F81099C0F808297BD08B1E86
:10ABA00006F0030B032B05D22027BBF1000F46D183
:10ABB00071E000BFCDF8008026F0030400274FF0BD
:10ABC00090484FF67F3C4FF0000E00BF00EB0E03A5
:10ABD000043C0EF1800ED3F8205908EAE575C3F85D
:10ABE0002059C3F83079C3F828C9D3F8405908EA86
:10ABF000E575C3F84059C3F85079C3F848C9D3F88C
:10AC0000605908EAE575C3F86059C3F87079C3F86C
:10AC100068C9D3F8805908EAE575C3F88059C3F8C4
:10AC20009079C3F888C9D1D10EF12007DDF850E042
:10AC3000DDF800804FF00065BBF1000F2BD000F570
:10AC400010644FF0904CE319BBF1010FE5590CEA89
:10AC5000E575E5514FF000654FF000074FF67F3482
:10AC60001F619C6017D01D6ABBF1020F0CEAE575ED
:10AC70001D624FF000651F639C620CD01F6C4FF08B
:10AC8000904505EAE7774FF000651F6400271F65D0
:10AC90004FF67F379F64D0F8003B002E05EA131370
:10ACA000C0F8003B4FF00003C0F8103BC0F8082B81
:10ACB000DDF840B0019C69D0023906F0030C03298D
:10ACC00004D22023BCF1000F3AD15FE026F0030448
:10ACD00000264FF090474FF67F3100BFC518043C67
:10ACE00003F18003D5F8202B07EAE272C5F8202B88
:10ACF000C5F8306BC5F8281BD5F8402B07EAE2727F
:10AD0000C5F8402BC5F8506BC5F8481BD5F8602B2B
:10AD100007EAE272C5F8602BC5F8706BC5F8681BCE
:10AD2000D5F8802B07EAE272C5F8802BC5F8906B46
:10AD3000C5F8881BD2D12033019CBCF1000F25D06F
:10AD400000F530624FF09047D118BCF1010FD65892
:10AD500007EAE676D6504FF000034FF67F360B61D8
:10AD60008E6013D00A6ABCF1020F07EAE2720A622F
:10AD70000B638E620AD00A6C4FF0904303EAE272D2
:10AD80000A6400220A654FF67F328A64DAF81010EE
:10AD9000B8F1000F21F48071CAF81010C0F81890B3
:10ADA0006FF08041416103D1816941F010018161FF
:10ADB00043F600028169C8F23C02BBF1000F41EA90
:10ADC0000201816103D0816941F008018161BEF116
:10ADD000010F05D1816941F0804141F00401816199
:10ADE000204604B0BDE8F08F01468268002022F0C2
:10ADF00001028A607047000043F20B03D0F840C0A4
:10AE0000C4F654739C4503D3D0F8003B002B1ED4EA
:10AE10000023C0F8103BD0F8103B012943F4002375
:10AE2000C0F8103BD0F8103B43F01803C0F8103BBB
:10AE3000D0F8103B43F0C041C0F8101B07D1C0F858
:10AE4000142BD0F8001B41F08021C0F8001B00201B
:10AE500070470000000000004A780B78012A4FEA92
:10AE6000431210440ED1D0F8002922F40012C0F889
:10AE70000029097901F0FE01022914D100F51060C2
:10AE80000DE000BFD0F8002B22F40012C0F8002B18
:10AE9000097901F0FE01022905D100F53060016851
:10AEA00041F0805101600020704700000000000068
:10AEB0000A784B785101012B084407D1D0F80019CA
:10AEC000002900F5106107D50CE000BFD0F8001B89
:10AED000002900F5306105D4002A1EBF086820F063
:10AEE000804008600A68002042F400120A6070473F
:10AEF000F0B591F800C000254B784FF6FF76CFF6FD
:10AF0000F875CEF20706012B00EB4C1E1AD10C6926
:10AF10000EF51063DEF81079E4B33D401D611D6944
:10AF2000BCF1000F05EA06051D618D6862D0661947
:10AF3000013EB6FBF5F50026C1F6F87606EAC545F2
:10AF40001E695EE0DEF8103B4FF6FF742B40CEF832
:10AF5000103BDEF8105BC0F207043540CEF8105B02
:10AF60000EF53063BCF1000F8E680D691ED00DB375
:10AF7000AF19013FB7FBF6F7BDB26E4300250E6275
:10AF8000C1F6F87505EAC7471D6926402F431F61C2
:10AF900017E000BF07EA06041C611C6944F40024A2
:10AFA0001C611C69254000243DE000BF002D18BF36
:10AFB0000E610E6206EA04071E6937431F614FF4F3
:10AFC00000261F69012A47EA06021A6103D1CA68EE
:10AFD000002A18BF5A610979012939D1D0F8080827
:10AFE000C0054FF0805058BF4FF00050196808431B
:10AFF00018602DE0AC4201D92C460D611D694FF45B
:10B00000002635431D6125461E696FF3DF45354334
:10B010001D610D79012D07D11D6925F0C0451D6108
:10B020001D6945F000551D61012A19D1CA69002A20
:10B0300018BFCEF814290979012909D1D0F80808D8
:10B04000C005DEF800095DD440F00050D0E700BF35
:10B050004FF004411868084318600020F0BD00BF9D
:10B0600000F510634FEA4C169F5947F004479F5173
:10B070000F79012F3CD1D0F80878FF054FF08057A9
:10B0800058BF4FF00057F558002A45EA0702F25022
:10B09000E3D1A2B2002AE0D0D61C4FF0FF32C9683B
:10B0A00000F5805002EB96034FEA0C32032BC6F3F7
:10B0B00081030FD3B70827F0030600BF0F681750AE
:10B0C0004F6817508F681750CF68043E01F1100188
:10B0D0001750F3D1002BC0D0012B0F688750BCD084
:10B0E000022B4B688350B8D0896881500020F0BD96
:10B0F000002CB2D00CF00F01012202FA01F100F68F
:10B100003403A7E740F0805072E700000000000021
:10B1100081B0002200924A780978012A4FEA411151
:10B120003AD100F510625058B0F1FF3F3ADC885830
:10B1300042F2107340F000608850885840F0804020
:10B1400088500098013000900098984264D8505878
:10B15000B0F1FF3F26DC0098013000900098984243
:10B160005AD85058B0F1FF3F1CDC009801300090D5
:10B170000098984250D85058B0F1FF3F12DC009828
:10B18000013000900098984246D85058B0F1FF3FE7
:10B190004FF00000D5DD3CE000F530625058B0F1D2
:10B1A000FF3F03DD002001B0704700BF885842F226
:10B1B000107340F000608850885840F080408850FC
:10B1C0000098013000900098984225D85058B0F16E
:10B1D000FF3FE7DC009801300090009898421BD8B0
:10B1E0005058B0F1FF3FDDDC00980130009000982E
:10B1F000984211D85058B0F1FF3FD3DC009801308D
:10B2000000900098984207D8505800284FF000004E
:10B21000D6D401B0704700BF012001B070470000D4
:10B2200001468268002042F001028A6070470000F7
:10B2300081B040F640520023C0F203020093009B0D
:10B2400001330093009B93424AD80369002B1BD41F
:10B25000009B01330093009B934241D80369002B6C
:10B2600012D4009B01330093009B934238D80369AA
:10B27000002B09D4009B01330093009B93422FD8ED
:10B280000369B3F1FF3FDADC890100230093203129
:10B2900001610099013100910099914220D8016922
:10B2A00089061AD50099013100910099914217D869
:10B2B0000169890611D500990131009100999142E7
:10B2C0000ED80169890608D50099013100910099CD
:10B2D000914205D801698906DBD4002001B070478E
:10B2E000032001B070470000D0F8081888074FF01D
:10B2F000020001F0060158BF0F20002908BF0846D0
:10B300007047000000000000406900F00100704735
:10B31000D0F81818D0F81C08084080B27047000018
:10B32000D0F81818D0F81C080840000C704700002E
:10B33000D0F810C8D0F8343801F00F0200EB4110FB
:10B3400023FA02F2D201D0F80809D1B241EA0C0185
:10B35000084070470000000000EB4111D1F8081BC5
:10B36000D0F8140808407047416980690840704768
:10B3700010B5930802F0030E2CD05A1E03F0030CF4
:10B38000032A0FD323F003034FF4805284580C6038
:10B3900084584C6084588C608458043BCC6001F124
:10B3A0001001F3D1BCF1000F14D04FF480520B46C2
:10B3B000BCF1010F845843F8044B05D11946BEF186
:10B3C000000F0AD11FE000BFBCF1020F82584A6093
:10B3D0001CD10831BEF1000F15D04FF48052BEF1E0
:10B3E000010F80580A4602F8010B01D1104610BD2A
:10B3F000BEF1020F4FEA10224A7001D1881C10BD25
:10B40000000C88700331084610BD00BF4FF4805215
:10B4100082588A600C31BEF1000FDED1F3E70000E4
:10B42000B0B50446C06820F0C040E06091B1012989
:10B4300026D1E068002540F00050E0600120F7F7D9
:10B4400007FC6069C00705F1010014D1312D0546E4
:10B45000F4D310E0E068002540F08040E06000BFD9
:10B460000120F7F7F5FB6069C00705F1010002D084
:10B47000312D0546F4D33238B0FA80F04009B0BD22
:10B480000120B0BD000000000246D0F8000820F402
:10B49000FE6001F07F01C2F800080020D2F80038F9
:10B4A00043EA0111C2F800187047000000000000D4
:10B4B000022A02465FD145F2403043F20053CFF6F4
:10B4C0002770C0F20C030844984203D24FF4705125
:10B4D00053E000BF41F6406044F24023CFF61B70BA
:10B4E000C0F20F030844984202D24FF4605144E086
:10B4F000A1F5740044F68073A0F51050C0F2120359
:10B50000984203D24FF4505137E000BFA1F183704D
:10B510004DF22063A0F5E740C0F21303984203D236
:10B520004FF4405129E000BF4BF260604EF26033AF
:10B53000CFF6E560C0F216030844984202D24FF4F9
:10B5400030511AE04DF2003047F24073CFF6CE6032
:10B55000C0F21B030844984202D24FF420510CE081
:10B5600045F6C03049F2C013CFF6B360C0F22103F4
:10B57000084498420AD24FF41051D06820F4705019
:10B58000D060D36800201943D1607047A1F1B77033
:10B5900047F22053A0F55850C0F23803984203D226
:10B5A0004FF40051E9E700BF45F2E04049F6E043BF
:10B5B000CFF65960C0F2410308444FF4C05198429D
:10B5C00038BF4FF4E051D8E780B5DDF808C0BCF1D2
:10B5D000000F33D193B303334FF0FF3C00F5805E8F
:10B5E00012030CEB930CBCF1030FC3F3810C13D3C8
:10B5F0009B0823F0030300BF086842F80E00486868
:10B6000042F80E00886842F80E00C868043B01F159
:10B61000100142F80E00EFD1BCF1000F0ED0BCF1CA
:10B62000010F08684EF8020008D0BCF1020F48680C
:10B630004EF8020002D088684EF80200002080BD5B
:10B64000FEE7000000000000B0B54CF2EC05002160
:10B65000C0F6000508232A46044600F06DF90A20CA
:10B66000F7F7F6FA0221082320462A4600F064F98B
:10B670000A20F7F7EDFA0421082320462A4600F0B5
:10B680005BF90A20F7F7E4FA0621082320462A4648
:10B6900000F052F90A20F7F7DBFA052108232046CB
:10B6A0002A4600F049F90A20F7F7D2FA06210823C2
:10B6B00020462A4600F040F90A20BDE8B040F7F7DE
:10B6C000C7BA000000000000B0B58AB040F64C4494
:10B6D0000025C2F20044022004900120CDE90505B6
:10B6E00002A92046CDE902550795F7F711FC022182
:10B6F0000222002320460095F7F752FC0121012287
:10B700002046F7F7D5FB2046F8F782F90121002201
:10B710002046F7F709FB0AB0B0BD000000000000AA
:10B7200010B504460420FBF73BFB40F2A400C2F234
:10B730000000046010BD000070B548F6890140F2B9
:10B74000A40E41431E28C2F2000E4FEA11534FEAE5
:10B750000312A2EB11524EF21801CEF20001A0EB3F
:10B76000420C2DD25FEA0C4008BF70BD4FF47A70D6
:10B7700051F8042C0CFB00F051F8043CDEF800609A
:10B78000CEF8043080B2002370430E6809E000BF99
:10B790003344B542A3EB05032E4628BF134483422E
:10B7A0000CD20D68B542F3D10D68B54204BF0D68E7
:10B7B000B542EDD10D68B542F3D0E9E770BD00BFE9
:10B7C000DEF8000047F23052424301E0013BC9D0AD
:10B7D00051F8040C51F8044CCEF8044000240D68D4
:10B7E00009E000BF2C44AE42A4EB0604354628BF56
:10B7F00004449442EAD20E68AE42F3D10E68AE42DF
:10B8000004BF0E68AE42EDD10E68AE42F3D0E9E758
:10B8100010B58CB0002002AACDE9000040F64C40E3
:10B820006B46C2F200404021F7F7DEFB10B10CB0CE
:10B8300010BD00BF9DF808000138C0B20628F6D838
:10B840007521C140C907F2D0BDF80110B3EE091A45
:10B8500040F2A00C9DF80330C2F2004C9DF8042089
:10B8600049BA00EE101A4CF2AC019DF80540C0F642
:10B8700000019FED2C3AB8EEC00A9FED2C4A51F81A
:10B8800020E09DF8060020EE010A9FED251A0CEB42
:10B890008E0180EE010ABAEE091A30EE010A81ED3E
:10B8A000010A00EE100A180140EA121002F00F021D
:10B8B000ACF8000001EE100A44EA0220ACF80200E5
:10B8C00002EE100A9DF80700B8EE411AB8EE400AE1
:10B8D000B8EE422A81ED0B0A21EE031A9FED143ACD
:10B8E00000EE100A40F2AC0022EE032A9FED0E3A61
:10B8F00081EE031AC2F20000B8EE400A00EB8E009F
:10B9000082EE032ABBEE023A81ED150A31EE040AFB
:10B9100080ED000A32EE030A80ED0A0A0CB010BD79
:10B9200000FF7F470000B44200F07F45000034C2B2
:10B930000000104200000000F0B589B00446002865
:10B940004FF0010018BF002A02D109B0F0BD00BFBE
:10B950001D46082BF9D820460F461646F7F738FC47
:10B96000D8B100202904CDE90100CDE90310CDE9CB
:10B970000500CDE907006946204632460097F7F7F3
:10B980001BFA50B94FF61845CFF6FF752046F7F76A
:10B990001FFC032804D20135F8D3012009B0F0BD03
:10B9A000002009B0F0BD000084B001200090F8F73D
:10B9B000F3F90020019048F21F70029040F201104C
:10B9C00003906846F8F7B8F90420F8F7F5F9F8F7A6
:10B9D00057F9FCF759FDFCF783FAFCF729FAFCF755
:10B9E0004BFAFCF7D5FBFCF757FBFCF7C9F9FCF762
:10B9F0001FFBFCF78DFB4FF4F070FFF791FEFFF794
:10BA000063FE40F600044FF48041C5F602040122B3
:10BA10002046F8F715F94FF4004101222046F8F7C7
:10BA20000FF94FF47A70F7F713F900F021F840F6A8
:10BA30004C400321C2F20040022200F0B9F840F26B
:10BA40004C14C2F2004400BF94ED000A002000F044
:10BA50003BF994ED010A012000F036F994ED020A59
:10BA6000022000F031F900F053F9EDE7000000008A
:10BA700010B540F64C44C2F200442046FFF7E4FD06
:10BA80000A20FFF759FE2046FFF7DEFD0A20FFF7E8
:10BA900053FE2046FFF7D8FD0A20FFF74DFE204653
:10BAA000FFF7D2FD0A20FFF747FE41F20C40C2F239
:10BAB0000000BDE81040FBF767BA0000000000007E
:10BAC000052988BF7047B0B582B0B2EE093AB2EE30
:10BAD000045A9FED334A4CF2D8029FED336AC0F608
:10BAE000000230EE030AB3EE0E3A32EE052AB3EE50
:10BAF000045A32F8111020EE040AB3EE094A30EE6F
:10BB0000833A80EE040A9FED274A22EE042A21EEB2
:10BB1000041A23EE043A82EE052A9FED245A81EEA0
:10BB2000051AB1EE045A21EE844A83EE063ABDEEC0
:10BB3000C00A84EE054ABDEEC33ABDEEC11A10EE4E
:10BB4000102ABDEEC22ABDEEC44A13EE103A11EE21
:10BB500010EA150A12EE10CA8DF8012014EE104AF0
:10BB60001A098DF802201A0142EA1E228DF80320DC
:10BB700022098DF805204FEA1C22082342EA04120C
:10BB80008DF806206A468DF800508DF804E08DF897
:10BB900007C0FFF7D1FE02B0BDE8B040704700BF5C
:10BBA00000FF7F4700F07F45000070420000FA432D
:10BBB000052988BF7047B0B584B04CF2D8038DF822
:10BBC0000C20C0F600030022ADF80D20054633F826
:10BBD000114040F65523ADF80A3008238DF80F20A8
:10BBE000C4F302218DF809108DF801104FF4D571BE
:10BBF000ADF8021040F2FF71019202AA8DF80840E0
:10BC00008DF80040FFF798FE6420F7F721F84CF21A
:10BC1000E4020823C0F6000228462146FFF78CFE06
:10BC20000A20F7F715F83220F7F712F86A4640F2C3
:10BC3000FF7108232846FFF77FFE3220F7F708F848
:10BC40004CF2EC020823C0F6000228462146FFF71A
:10BC500073FE0A20F6F7FCFF0A20F6F7F9FF04B09E
:10BC6000BDE8B04070470000052988BF704780B527
:10BC700082B010EE102A4CF2D803C0F600038DF803
:10BC8000002033F81110130A8DF80130130C8DF8D1
:10BC9000023010EE903A01F58071120E89B28DF8E3
:10BCA00003208DF804301A0A8DF805201A0C8DF83F
:10BCB00006201A0E8DF807206A460823FFF73CFE7F
:10BCC00002B0BDE88040704710B540F6203C10EE51
:10BCD000102AC2F2000C40F6EC4EC2F2004EBCF844
:10BCE0000010130A481C8C1C80B20EF80120A4B26C
:10BCF0000EF80030CB1C100C0EF8040098B2043182
:10BD0000ACF80010110E0EF8001010BD000000007D
:10BD100070B540F6203640F6EC40C2F20006C2F2A2
:10BD200000400025802431884A1C8B1C92B2455467
:10BD30009BB28554CA1C92B20431318089B2C4547A
:10BD40007F238354F4F73CFC358070BD10EE101A4D
:10BD500008B5444A6846B2EB410F28D94FF0E64097
:10BD6000B0EB410F94BF00204FF0FF3000900098DF
:10BD7000002861DB60EE000A10F0010F45D010F0E2
:10BD8000020FDFED391A9FED391A00EEA11ADFED2F
:10BD9000381A40EE811A21EEA01AF0EE400A40EE69
:10BDA000010A08BFF1EE600AB0EE600A08BD314B2F
:10BDB00021F0004293423CD911F0004FDFED2E0AF2
:10BDC00020EE201ADFED2D0A19BF31EE601A71EE58
:10BDD000200A31EE201A71EE600ABDEEE01A11EE73
:10BDE000100A9FED271A00F0030000EEC10A9FED34
:10BDF000251A009000EEC10A9FED231A00EEC10A39
:10BE00009FED221A00EEC10AB1E79FED211A9FEDC6
:10BE1000210A10F0020F00EE810A9FED1F1A00EEBA
:10BE2000801AB7EE000A00EE810A18BFB1EE400A90
:10BE300008BD00F03FF89AE710EE100A4000B0F19C
:10BE40007F4F3CBFB7EE000A08BD07D14FF001009D
:10BE500000F0EAF8BDE8084000F024B8BDE808406A
:10BE600000F01CB8B61F927E336D4CB9DA82083CE4
:10BE7000A0AA2ABE490E494683F9223F0000004B82
:10BE80000000C93F00A0FD390020A2331A61342C04
:10BE9000B93AB2BACA9F2A3DDDFFFFBE30EE000AB2
:10BEA00070470000DFED020A80EEA00A7047000034
:10BEB000000000002DE9F0014FF07F42B2EB410F8E
:10BEC0009FBF4FF0FF310160BDE8F00170474FF0B8
:10BED000004242EA0123C1F3C752783A551112F0E9
:10BEE0001F0C434CCCF120067C44C1F3C752A2F195
:10BEF00078024FEA621204EB820254F8254008BF30
:10BF0000D2E9015612D0556804FA0CF425FA06F766
:10BF10003C43976805FA0CF527FA06F8D26807FA49
:10BF20000CFCF24045EA08054CEA0206A4FB034C6F
:10BF3000A5FB0352A6FB03631D449D4234BF0126AB
:10BF400000261319334416B1934202D903E09342F9
:10BF500001D2012200E00022624402F1200C92068C
:10BF6000DC0C42EA443200EE102A5B03DFED210ACA
:10BF7000F8EEC01A00EE103A4FEA9C1C11F0004F88
:10BF8000B8EE400AC0F800C020EE201A00EE105AA9
:10BF9000DFED190AB8EE400A20EE200A71EE810AA0
:10BFA00070EE800A10EE902A02F500626FF30B0229
:10BFB00000EE902A70EEE11A31EEC11ADFED101A90
:10BFC00030EE411A9FED0D0A20EE800A01EE210AA3
:10BFD0009FED0C1A00EE810A04BFBDE8F001704726
:10BFE000CCF180510160BDE8F001B1EE400A70472C
:10BFF00048010000000000360000802C22AAFD2924
:10C00000DB0FC92F0000C92F02E008C8121F08C1AA
:10C01000002AFAD170477047002001E001C1121FC9
:10C02000002AFBD1704700000149086070470000FA
:10C0300000000024000000006E83F9A22915444E80
:10C04000D15727FCC0DD34F5999562DB4190433C24
:10C05000AB6351FE00000000000000000000000083
:10C0600000000000000000000100000002000000CD
:10C0700003000000040000000000000005000000B4
:10C0800000000000000000000000000006000000AA
:10C090000000000000000000000000000700000099
:10C0A0000004081020400104081020400000000097
:10C0B000000000000100000000000000020000007D
:10C0C000050000000300000000000000010203045E
:10C0D000010203040607080900000200040006002C
:10C0E00005000600FFFFFFFFFFFFFFFDFFFFFFFF53
:10C0F000FFFFFFFC010002000400060008000A0028
:10C100000C0010002000400080000001000102032C
:10C1100004050607080C1014182030400101010323
:10C120000701000008040204080101016CC10008B5
:10C1300000000020A400000008C0000810C2000891
:10C1400000000024A000000008C0000810C2000881
:10C15000A40000204C14000018C00008B0C2000861
:10C16000A00000245014000018C0000801000000C6
:10C1700010000000F993000849920008519500084A
:10C1800000000000A992000891910008099200089F
:10C1900000000000000000000000000049930008BB
:10C1A000F1920008A1930008E192000809024300FF
:10C1B000020100C03209040000010202010005244E
:10C1C00000100105240100010424020205240600D8
:10C1D000010705820308001009040100020A00009B
:10C1E0000007050102400000070581024000000031
:10C1F0000A06000200000040010000006905000876
:10C20000610500085905000899050008B9050008EE
:10C21000000000000090D0030090D003CDCCCC3DB6
:10C22000CDCCCC3D0000A0400000B8410000404112
:10C230000000404100004041000040417593183E1D
:10C24000000020418FC2753D8FC2F53D713DCA3E51
:10C25000CDCCCC3D8FC2F53D00000040E1980008F8
:10C260001999000829990008599900088999000826
:10C27000B9980008F19800080000000012010002BF
:10C280000202004083044057000201020301000043
:10C29000040309041A03000000000000000000006D
:10C2A000000000000000000000000000000000008E
:04000005080002CD20
:00000001FF
